Time,sanitized_timestamp_for_iri,s4DINV.EnclTmp.mag.f,s4DINV.HeatSinkTmp.mag.f,s4MMDC.Amp.mag.f,s4MMDC.Vol.mag.f,s4MMDC.Watt.mag.f,s4MMXU.TotW.mag.f
2024-06-26T15:30:00,20240626153000,37.1,53.7,441.0,578.0,250572.0,240357.0
2024-06-26T15:40:00,20240626154000,36.9,53.6,410.0,585.0,235620.0,225739.0
2024-06-26T15:50:00,20240626155000,36.7,53.5,384.0,587.0,220007.0,210513.0
2024-06-26T16:00:00,20240626160000,36.6,53.4,354.0,597.0,205293.0,196199.0
2024-06-26T16:10:00,20240626161000,36.4,53.3,304.0,620.0,183483.0,175045.0
2024-06-26T16:20:00,20240626162000,36.2,52.9,293.0,602.0,171871.0,163813.0
2024-06-26T16:30:00,20240626163000,36.0,50.4,260.0,602.0,151551.0,144209.0
2024-06-26T16:40:00,20240626164000,35.9,47.6,227.0,603.0,131887.0,125192.0
2024-06-26T16:50:00,20240626165000,35.7,44.7,206.0,595.0,118831.0,112075.0
2024-06-26T17:00:00,20240626170000,35.5,41.9,190.0,573.0,105929.0,99176.0
2024-06-26T17:10:00,20240626171000,35.3,39.1,163.0,580.0,91652.0,85132.0
2024-06-26T17:20:00,20240626172000,35.2,37.1,138.0,585.0,77649.0,71560.0
2024-06-26T17:30:00,20240626173000,35.0,35.3,117.0,565.0,63147.0,57735.0
2024-06-26T17:40:00,20240626174000,34.8,33.4,95.7,536.0,49246.0,44209.0
2024-06-26T17:50:00,20240626175000,34.6,31.5,73.5,540.0,37772.0,32978.0
2024-06-26T18:00:00,20240626180000,34.5,29.8,56.4,530.0,28012.0,23899.0
2024-06-26T18:10:00,20240626181000,34.3,28.9,45.7,508.0,21081.0,17697.0
2024-06-26T18:20:00,20240626182000,34.1,28.1,34.9,502.0,15364.0,12728.0
2024-06-26T18:30:00,20240626183000,33.8,27.2,25.4,498.0,9971.0,8160.0
2024-06-26T18:40:00,20240626184000,33.5,26.4,19.1,476.0,6245.0,5070.0
2024-06-26T18:50:00,20240626185000,33.3,25.8,13.4,471.0,3183.0,2566.0
2024-06-26T19:00:00,20240626190000,33.1,24.7,3.36,557.0,169.0,136.0
2024-06-26T19:10:00,20240626191000,33.0,22.9,2.93,475.0,0.0,0.0
2024-06-26T19:20:00,20240626192000,32.9,21.8,2.53,362.0,0.0,0.0
2024-06-26T19:30:00,20240626193000,32.7,21.6,2.35,230.0,0.0,0.0
2024-06-26T19:40:00,20240626194000,32.6,21.5,2.61,114.0,0.0,0.0
2024-06-26T19:50:00,20240626195000,32.5,21.3,2.36,41.8,0.0,0.0
2024-06-26T20:00:00,20240626200000,32.3,21.1,4.75,12.2,0.0,0.0
2024-06-26T20:10:00,20240626201000,32.2,21.0,5.36,5.05,0.0,0.0
2024-06-26T20:20:00,20240626202000,32.0,20.8,5.19,4.28,0.0,0.0
2024-06-26T20:30:00,20240626203000,31.9,20.6,5.28,4.28,0.0,0.0
2024-06-26T20:40:00,20240626204000,31.8,20.5,4.94,3.42,0.0,0.0
2024-06-26T20:50:00,20240626205000,31.6,20.3,5.45,2.84,0.0,0.0
2024-06-26T21:00:00,20240626210000,31.5,20.1,5.13,2.84,0.0,0.0
2024-06-26T21:10:00,20240626211000,31.4,20.0,5.36,2.66,0.0,0.0
2024-06-26T21:20:00,20240626212000,31.2,19.8,5.3,2.54,0.0,0.0
2024-06-26T21:30:00,20240626213000,31.1,19.6,5.08,2.54,0.0,0.0
2024-06-26T21:40:00,20240626214000,31.0,19.5,5.35,2.27,0.0,0.0
2024-06-26T21:50:00,20240626215000,30.8,19.3,5.28,2.08,0.0,0.0
2024-06-26T22:00:00,20240626220000,30.7,19.2,5.24,2.08,0.0,0.0
2024-06-26T22:10:00,20240626221000,30.5,19.0,5.34,2.58,0.0,0.0
2024-06-26T22:20:00,20240626222000,30.4,19.0,5.14,2.9,0.0,0.0
2024-06-26T22:30:00,20240626223000,30.4,19.1,5.34,2.9,0.0,0.0
2024-06-26T22:40:00,20240626224000,30.3,19.1,5.36,3.14,0.0,0.0
2024-06-26T22:50:00,20240626225000,30.3,19.1,5.0,3.3,0.0,0.0
2024-06-26T23:00:00,20240626230000,30.2,19.0,5.02,3.3,0.0,0.0
2024-06-26T23:10:00,20240626231000,30.1,18.9,5.48,3.57,0.0,0.0
2024-06-26T23:20:00,20240626232000,29.9,18.9,5.25,3.76,0.0,0.0
2024-06-26T23:30:00,20240626233000,29.9,18.9,5.01,3.76,0.0,0.0
2024-06-26T23:40:00,20240626234000,29.9,19.0,4.99,3.44,0.0,0.0
2024-06-26T23:50:00,20240626235000,29.8,19.0,5.5,3.23,0.0,0.0
2024-06-27T00:00:00,20240627000000,29.8,19.1,5.27,3.23,0.0,0.0
2024-06-27T00:10:00,20240627001000,29.8,19.1,5.01,2.68,0.0,0.0
2024-06-27T00:20:00,20240627002000,29.8,19.2,5.05,2.31,0.0,0.0
2024-06-27T00:30:00,20240627003000,29.7,19.2,5.5,2.31,0.0,0.0
2024-06-27T00:40:00,20240627004000,29.7,18.9,5.28,3.12,0.0,0.0
2024-06-27T00:50:00,20240627005000,29.7,18.9,5.07,3.66,0.0,0.0
2024-06-27T01:00:00,20240627010000,29.7,19.0,5.23,3.66,0.0,0.0
2024-06-27T01:10:00,20240627011000,29.6,19.0,5.21,3.32,0.0,0.0
2024-06-27T01:20:00,20240627012000,29.6,19.0,5.12,3.1,0.0,0.0
2024-06-27T01:30:00,20240627013000,29.6,19.0,5.02,3.1,0.0,0.0
2024-06-27T01:40:00,20240627014000,29.6,19.0,4.93,3.02,0.0,0.0
2024-06-27T01:50:00,20240627015000,29.5,19.0,4.85,2.97,0.0,0.0
2024-06-27T02:00:00,20240627020000,29.5,19.0,5.41,2.97,0.0,0.0
2024-06-27T02:10:00,20240627021000,29.5,19.0,4.94,3.17,0.0,0.0
2024-06-27T02:20:00,20240627022000,29.5,19.1,4.86,3.36,0.0,0.0
2024-06-27T02:30:00,20240627023000,29.4,19.1,4.83,3.36,0.0,0.0
2024-06-27T02:40:00,20240627024000,29.4,19.1,5.45,2.69,0.0,0.0
2024-06-27T02:50:00,20240627025000,29.4,19.1,5.31,2.02,0.0,0.0
2024-06-27T03:00:00,20240627030000,29.4,19.1,5.07,2.02,0.0,0.0
2024-06-27T03:10:00,20240627031000,29.3,19.1,4.85,2.26,0.0,0.0
2024-06-27T03:20:00,20240627032000,29.3,19.1,4.83,2.51,0.0,0.0
2024-06-27T03:30:00,20240627033000,29.3,19.1,4.86,2.51,0.0,0.0
2024-06-27T03:40:00,20240627034000,29.3,19.2,4.97,3.31,0.0,0.0
2024-06-27T03:50:00,20240627035000,29.2,19.2,5.44,7.83,0.0,0.0
2024-06-27T04:00:00,20240627040000,29.1,19.4,2.81,28.1,0.0,0.0
2024-06-27T04:10:00,20240627041000,29.1,19.6,2.47,89.6,0.0,0.0
2024-06-27T04:20:00,20240627042000,29.0,19.7,2.34,196.0,0.0,0.0
2024-06-27T04:30:00,20240627043000,29.0,19.9,2.5,303.0,0.0,0.0
2024-06-27T04:40:00,20240627044000,28.9,20.1,2.41,431.0,0.0,0.0
2024-06-27T04:50:00,20240627045000,28.8,20.3,2.46,576.0,0.0,0.0
2024-06-27T05:00:00,20240627050000,28.8,20.5,16.5,465.0,5296.0,4293.0
2024-06-27T05:10:00,20240627051000,29.0,21.8,23.3,483.0,8959.0,7315.0
2024-06-27T05:20:00,20240627052000,29.2,24.0,31.6,505.0,13086.0,10783.0
2024-06-27T05:30:00,20240627053000,29.4,26.2,38.9,516.0,17540.0,14601.0
2024-06-27T05:40:00,20240627054000,29.6,28.5,52.3,471.0,24323.0,20563.0
2024-06-27T05:50:00,20240627055000,29.8,30.7,63.5,480.0,30014.0,25717.0
2024-06-27T06:00:00,20240627060000,30.0,32.9,77.0,486.0,37149.0,32377.0
2024-06-27T06:10:00,20240627061000,30.2,34.8,94.3,485.0,46044.0,41005.0
2024-06-27T06:20:00,20240627062000,30.4,33.0,113.0,521.0,56972.0,51845.0
2024-06-27T06:30:00,20240627063000,30.6,37.1,129.0,565.0,69656.0,63910.0
2024-06-27T06:40:00,20240627064000,30.8,43.4,149.0,586.0,83362.0,77073.0
2024-06-27T06:50:00,20240627065000,31.0,41.6,174.0,589.0,98897.0,92233.0
2024-06-27T07:00:00,20240627070000,31.2,49.2,195.0,604.0,114160.0,107385.0
2024-06-27T07:10:00,20240627071000,31.4,53.5,226.0,595.0,129784.0,123089.0
2024-06-27T07:20:00,20240627072000,31.6,45.4,247.0,610.0,145445.0,138330.0
2024-06-27T07:30:00,20240627073000,31.8,42.8,277.0,604.0,162499.0,154763.0
2024-06-27T07:40:00,20240627074000,32.0,44.8,307.0,598.0,179122.0,170824.0
2024-06-27T07:50:00,20240627075000,32.2,46.8,330.0,604.0,195323.0,186520.0
2024-06-27T08:00:00,20240627080000,32.4,49.4,381.0,568.0,212606.0,203310.0
2024-06-27T08:10:00,20240627081000,32.6,52.2,391.0,592.0,228612.0,218900.0
2024-06-27T08:20:00,20240627082000,32.9,54.6,417.0,592.0,241586.0,231569.0
2024-06-27T08:30:00,20240627083000,33.3,55.7,423.0,607.0,250539.0,240332.0
2024-06-27T08:40:00,20240627084000,33.5,54.6,472.0,571.0,267405.0,256708.0
2024-06-27T08:50:00,20240627085000,33.9,54.5,482.0,581.0,277275.0,266184.0
2024-06-27T09:00:00,20240627090000,34.2,54.6,499.0,581.0,287524.0,276023.0
2024-06-27T09:10:00,20240627091000,34.5,54.7,540.0,563.0,298298.0,286366.0
2024-06-27T09:20:00,20240627092000,34.8,54.8,546.0,567.0,306740.0,294470.0
2024-06-27T09:30:00,20240627093000,35.1,54.9,567.0,560.0,315935.0,303298.0
2024-06-27T09:40:00,20240627094000,35.2,55.0,585.0,564.0,326372.0,313317.0
2024-06-27T09:50:00,20240627095000,35.5,55.1,601.0,563.0,336822.0,323349.0
2024-06-27T10:00:00,20240627100000,35.7,55.3,612.0,563.0,342562.0,328860.0
2024-06-27T10:10:00,20240627101000,36.0,55.4,636.0,552.0,349367.0,335392.0
2024-06-27T10:20:00,20240627102000,36.3,55.5,643.0,558.0,357156.0,342870.0
2024-06-27T10:30:00,20240627103000,36.6,55.6,654.0,560.0,364758.0,350168.0
2024-06-27T10:40:00,20240627104000,36.9,55.7,677.0,551.0,367228.0,352539.0
2024-06-27T10:50:00,20240627105000,37.2,55.8,668.0,561.0,372309.0,357417.0
2024-06-27T11:00:00,20240627110000,37.5,55.8,675.0,562.0,376507.0,361446.0
2024-06-27T11:10:00,20240627111000,37.7,55.8,691.0,560.0,382779.0,367468.0
2024-06-27T11:20:00,20240627112000,38.0,55.8,694.0,562.0,387000.0,371520.0
2024-06-27T11:30:00,20240627113000,38.3,55.8,689.0,570.0,388922.0,373365.0
2024-06-27T11:40:00,20240627114000,38.6,55.8,707.0,554.0,389395.0,373817.0
2024-06-27T11:50:00,20240627115000,38.9,55.7,701.0,560.0,390755.0,375109.0
2024-06-27T12:00:00,20240627120000,39.2,55.7,708.0,549.0,388413.0,372876.0
2024-06-27T12:10:00,20240627121000,39.4,55.7,706.0,556.0,387046.0,371564.0
2024-06-27T12:20:00,20240627122000,39.7,55.7,689.0,563.0,386457.0,370999.0
2024-06-27T12:30:00,20240627123000,40.0,55.7,697.0,554.0,384546.0,369164.0
2024-06-27T12:40:00,20240627124000,40.3,55.6,681.0,567.0,383051.0,367729.0
2024-06-27T12:50:00,20240627125000,40.6,55.6,672.0,569.0,379313.0,364140.0
2024-06-27T13:00:00,20240627130000,40.8,55.6,667.0,572.0,378513.0,363372.0
2024-06-27T13:10:00,20240627131000,40.7,55.6,665.0,562.0,373181.0,358253.0
2024-06-27T13:20:00,20240627132000,40.6,55.6,662.0,548.0,360780.0,346348.0
2024-06-27T13:30:00,20240627133000,40.5,55.6,655.0,563.0,364167.0,349600.0
2024-06-27T13:40:00,20240627134000,40.3,55.5,629.0,572.0,356694.0,342427.0
2024-06-27T13:50:00,20240627135000,40.2,55.5,594.0,580.0,342341.0,328647.0
2024-06-27T14:00:00,20240627140000,40.1,55.5,578.0,562.0,324046.0,311084.0
2024-06-27T14:10:00,20240627141000,39.9,55.5,557.0,578.0,316317.0,303665.0
2024-06-27T14:20:00,20240627142000,39.8,55.3,549.0,587.0,318151.0,305425.0
2024-06-27T14:30:00,20240627143000,39.7,55.2,549.0,576.0,311658.0,299191.0
2024-06-27T14:40:00,20240627144000,39.5,55.0,500.0,596.0,292592.0,280888.0
2024-06-27T14:50:00,20240627145000,39.4,54.9,470.0,588.0,274394.0,263346.0
2024-06-27T15:00:00,20240627150000,39.3,54.7,478.0,585.0,274950.0,263952.0
2024-06-27T15:10:00,20240627151000,39.1,54.5,446.0,571.0,251599.0,241354.0
2024-06-27T15:20:00,20240627152000,39.0,54.4,414.0,583.0,236472.0,226574.0
2024-06-27T15:30:00,20240627153000,38.9,54.2,390.0,592.0,225976.0,216329.0
2024-06-27T15:40:00,20240627154000,38.7,54.0,355.0,594.0,207035.0,197893.0
2024-06-27T15:50:00,20240627155000,38.6,53.9,342.0,588.0,197330.0,188466.0
2024-06-27T16:00:00,20240627160000,38.5,53.7,316.0,588.0,182773.0,174358.0
2024-06-27T16:10:00,20240627161000,38.3,53.5,301.0,586.0,172978.0,164882.0
2024-06-27T16:20:00,20240627162000,38.2,52.3,236.0,551.0,129565.0,122552.0
2024-06-27T16:30:00,20240627163000,38.1,46.3,167.0,541.0,88774.0,82341.0
2024-06-27T16:40:00,20240627164000,37.9,42.3,157.0,575.0,87576.0,81153.0
2024-06-27T16:50:00,20240627165000,37.7,43.0,186.0,581.0,105484.0,98767.0
2024-06-27T17:00:00,20240627170000,37.4,43.9,222.0,592.0,126559.0,119894.0
2024-06-27T17:10:00,20240627171000,37.2,43.5,204.0,600.0,118909.0,112169.0
2024-06-27T17:20:00,20240627172000,37.0,42.3,158.0,581.0,89090.0,82673.0
2024-06-27T17:30:00,20240627173000,36.8,38.9,108.0,593.0,60865.0,55448.0
2024-06-27T17:40:00,20240627174000,36.6,34.5,68.7,581.0,37030.0,32314.0
2024-06-27T17:50:00,20240627175000,36.3,32.3,48.7,584.0,24806.0,21014.0
2024-06-27T18:00:00,20240627180000,36.1,31.2,52.9,545.0,26354.0,22407.0
2024-06-27T18:10:00,20240627181000,35.9,30.5,66.9,513.0,33234.0,28686.0
2024-06-27T18:20:00,20240627182000,35.7,29.8,56.7,504.0,27586.0,23520.0
2024-06-27T18:30:00,20240627183000,35.4,29.2,35.9,511.0,15954.0,13236.0
2024-06-27T18:40:00,20240627184000,35.2,28.4,21.2,493.0,8308.0,6791.0
2024-06-27T18:50:00,20240627185000,34.9,27.7,15.5,467.0,4894.0,3960.0
2024-06-27T19:00:00,20240627190000,34.6,27.0,12.6,464.0,3562.0,2873.0
2024-06-27T19:10:00,20240627191000,34.5,26.2,11.5,460.0,2625.0,2114.0
2024-06-27T19:20:00,20240627192000,34.3,25.4,13.9,463.0,3979.0,3213.0
2024-06-27T19:30:00,20240627193000,34.2,24.7,6.7,443.0,1299.0,1046.0
2024-06-27T19:40:00,20240627194000,34.0,23.9,2.3,124.0,0.0,0.0
2024-06-27T19:50:00,20240627195000,33.9,23.2,2.26,37.2,0.0,0.0
2024-06-27T20:00:00,20240627200000,33.7,22.9,4.78,9.67,0.0,0.0
2024-06-27T20:10:00,20240627201000,33.5,22.8,4.95,4.75,0.0,0.0
2024-06-27T20:20:00,20240627202000,33.4,22.7,4.69,2.51,0.0,0.0
2024-06-27T20:30:00,20240627203000,33.2,22.6,4.85,2.51,0.0,0.0
2024-06-27T20:40:00,20240627204000,33.1,22.4,4.97,2.53,0.0,0.0
2024-06-27T20:50:00,20240627205000,32.9,22.3,4.79,2.58,0.0,0.0
2024-06-27T21:00:00,20240627210000,32.7,22.2,5.14,2.58,0.0,0.0
2024-06-27T21:10:00,20240627211000,32.6,22.1,4.9,2.48,0.0,0.0
2024-06-27T21:20:00,20240627212000,32.4,22.0,5.05,2.18,0.0,0.0
2024-06-27T21:30:00,20240627213000,32.3,21.9,4.98,2.18,0.0,0.0
2024-06-27T21:40:00,20240627214000,32.1,21.8,4.93,2.26,0.0,0.0
2024-06-27T21:50:00,20240627215000,32.0,21.7,4.93,2.51,0.0,0.0
2024-06-27T22:00:00,20240627220000,31.8,21.6,4.82,2.51,0.0,0.0
2024-06-27T22:10:00,20240627221000,31.6,21.5,5.05,2.54,0.0,0.0
2024-06-27T22:20:00,20240627222000,31.5,21.4,4.79,2.61,0.0,0.0
2024-06-27T22:30:00,20240627223000,31.3,21.2,5.12,2.61,0.0,0.0
2024-06-27T22:40:00,20240627224000,31.2,21.1,4.99,2.67,0.0,0.0
2024-06-27T22:50:00,20240627225000,31.0,21.0,4.77,3.04,0.0,0.0
2024-06-27T23:00:00,20240627230000,30.8,20.9,4.99,3.04,0.0,0.0
2024-06-27T23:10:00,20240627231000,30.7,20.8,4.83,2.93,0.0,0.0
2024-06-27T23:20:00,20240627232000,30.5,20.7,5.08,2.35,0.0,0.0
2024-06-27T23:30:00,20240627233000,30.4,20.7,5.04,2.35,0.0,0.0
2024-06-27T23:40:00,20240627234000,30.4,20.7,4.92,2.38,0.0,0.0
2024-06-27T23:50:00,20240627235000,30.5,20.8,5.43,2.58,0.0,0.0
2024-06-28T00:00:00,20240628000000,30.5,20.8,5.1,2.58,0.0,0.0
2024-06-28T00:10:00,20240628001000,30.5,20.7,4.72,2.55,0.0,0.0
2024-06-28T00:20:00,20240628002000,30.5,20.7,5.45,2.41,0.0,0.0
2024-06-28T00:30:00,20240628003000,30.4,20.6,5.17,2.41,0.0,0.0
2024-06-28T00:40:00,20240628004000,30.3,20.7,4.95,2.49,0.0,0.0
2024-06-28T00:50:00,20240628005000,30.3,20.7,5.05,2.9,0.0,0.0
2024-06-28T01:00:00,20240628010000,30.3,20.7,4.94,2.9,0.0,0.0
2024-06-28T01:10:00,20240628011000,30.2,20.7,5.31,2.94,0.0,0.0
2024-06-28T01:20:00,20240628012000,30.2,20.7,5.26,3.13,0.0,0.0
2024-06-28T01:30:00,20240628013000,30.2,20.7,4.91,3.13,0.0,0.0
2024-06-28T01:40:00,20240628014000,30.4,20.7,5.03,3.05,0.0,0.0
2024-06-28T01:50:00,20240628015000,30.3,20.7,5.42,2.61,0.0,0.0
2024-06-28T02:00:00,20240628020000,30.3,20.6,4.92,2.61,0.0,0.0
2024-06-28T02:10:00,20240628021000,30.3,20.6,4.75,2.53,0.0,0.0
2024-06-28T02:20:00,20240628022000,30.3,20.6,5.04,2.08,0.0,0.0
2024-06-28T02:30:00,20240628023000,30.3,20.6,5.17,2.08,0.0,0.0
2024-06-28T02:40:00,20240628024000,30.3,20.6,5.11,2.17,0.0,0.0
2024-06-28T02:50:00,20240628025000,30.3,20.6,5.05,2.64,0.0,0.0
2024-06-28T03:00:00,20240628030000,30.2,20.6,5.36,2.64,0.0,0.0
2024-06-28T03:10:00,20240628031000,30.2,20.6,5.49,2.6,0.0,0.0
2024-06-28T03:20:00,20240628032000,30.2,20.6,5.23,2.35,0.0,0.0
2024-06-28T03:30:00,20240628033000,30.2,20.6,4.97,2.35,0.0,0.0
2024-06-28T03:40:00,20240628034000,30.2,20.5,4.87,3.04,0.0,0.0
2024-06-28T03:50:00,20240628035000,30.2,20.5,5.23,6.62,0.0,0.0
2024-06-28T04:00:00,20240628040000,30.2,20.6,3.15,20.1,0.0,0.0
2024-06-28T04:10:00,20240628041000,30.1,20.9,2.1,71.9,0.0,0.0
2024-06-28T04:20:00,20240628042000,30.1,21.2,2.17,186.0,0.0,0.0
2024-06-28T04:30:00,20240628043000,30.1,21.6,2.56,338.0,0.0,0.0
2024-06-28T04:40:00,20240628044000,30.1,22.0,2.6,499.0,0.0,0.0
2024-06-28T04:50:00,20240628045000,30.1,22.3,10.3,534.0,3192.0,2588.0
2024-06-28T05:00:00,20240628050000,30.1,23.1,20.6,473.0,7526.0,6135.0
2024-06-28T05:10:00,20240628051000,30.1,25.3,27.0,486.0,10825.0,8873.0
2024-06-28T05:20:00,20240628052000,30.0,26.9,30.8,496.0,12824.0,10559.0
2024-06-28T05:30:00,20240628053000,30.0,27.7,24.8,501.0,9637.0,7898.0
2024-06-28T05:40:00,20240628054000,30.1,28.5,39.3,480.0,17480.0,14559.0
2024-06-28T05:50:00,20240628055000,30.4,29.3,59.3,486.0,27859.0,23771.0
2024-06-28T06:00:00,20240628060000,30.7,31.2,83.5,528.0,42099.0,37148.0
2024-06-28T06:10:00,20240628061000,31.0,33.9,96.5,538.0,49720.0,44663.0
2024-06-28T06:20:00,20240628062000,31.2,33.7,99.7,510.0,49794.0,44744.0
2024-06-28T06:30:00,20240628063000,31.5,36.6,126.0,535.0,65222.0,59686.0
2024-06-28T06:40:00,20240628064000,31.9,36.3,142.0,584.0,78957.0,72817.0
2024-06-28T06:50:00,20240628065000,32.2,41.3,164.0,556.0,87760.0,81386.0
2024-06-28T07:00:00,20240628070000,32.5,42.1,193.0,541.0,102987.0,96282.0
2024-06-28T07:10:00,20240628071000,32.8,45.2,213.0,589.0,120146.0,113410.0
2024-06-28T07:20:00,20240628072000,33.0,49.4,234.0,600.0,136401.0,129609.0
2024-06-28T07:30:00,20240628073000,33.3,50.5,268.0,585.0,153369.0,145960.0
2024-06-28T07:40:00,20240628074000,33.6,52.9,290.0,609.0,171188.0,163154.0
2024-06-28T07:50:00,20240628075000,33.9,54.2,321.0,604.0,189158.0,180542.0
2024-06-28T08:00:00,20240628080000,34.2,53.5,347.0,593.0,203283.0,194248.0
2024-06-28T08:10:00,20240628081000,34.5,55.2,378.0,590.0,220567.0,211059.0
2024-06-28T08:20:00,20240628082000,34.8,55.5,411.0,585.0,235867.0,225981.0
2024-06-28T08:30:00,20240628083000,35.1,55.5,432.0,586.0,250181.0,239974.0
2024-06-28T08:40:00,20240628084000,35.4,55.4,459.0,580.0,263133.0,252601.0
2024-06-28T08:50:00,20240628085000,35.7,55.4,483.0,568.0,271918.0,261034.0
2024-06-28T09:00:00,20240628090000,36.0,55.4,510.0,573.0,288680.0,277133.0
2024-06-28T09:10:00,20240628091000,36.2,55.4,529.0,573.0,300159.0,288152.0
2024-06-28T09:20:00,20240628092000,36.5,55.4,544.0,581.0,312444.0,299946.0
2024-06-28T09:30:00,20240628093000,36.8,55.3,567.0,569.0,320210.0,307401.0
2024-06-28T09:40:00,20240628094000,37.1,55.1,575.0,574.0,327351.0,314257.0
2024-06-28T09:50:00,20240628095000,37.4,55.1,609.0,555.0,334628.0,321243.0
2024-06-28T10:00:00,20240628100000,37.7,55.1,617.0,563.0,344283.0,330512.0
2024-06-28T10:10:00,20240628101000,37.9,55.0,628.0,563.0,351341.0,337287.0
2024-06-28T10:20:00,20240628102000,38.2,55.0,657.0,550.0,358466.0,344127.0
2024-06-28T10:30:00,20240628103000,38.4,55.0,663.0,553.0,363735.0,349185.0
2024-06-28T10:40:00,20240628104000,38.7,54.9,670.0,553.0,367745.0,353035.0
2024-06-28T10:50:00,20240628105000,38.9,54.9,672.0,557.0,371591.0,356727.0
2024-06-28T11:00:00,20240628110000,39.2,54.8,681.0,560.0,376912.0,361835.0
2024-06-28T11:10:00,20240628111000,39.4,54.8,686.0,559.0,381817.0,366544.0
2024-06-28T11:20:00,20240628112000,39.7,54.8,699.0,554.0,385288.0,369877.0
2024-06-28T11:30:00,20240628113000,39.9,54.7,701.0,555.0,385729.0,370300.0
2024-06-28T11:40:00,20240628114000,40.2,55.0,690.0,562.0,386080.0,370637.0
2024-06-28T11:50:00,20240628115000,40.4,55.0,682.0,569.0,384026.0,368665.0
2024-06-28T12:00:00,20240628120000,40.7,54.9,682.0,561.0,382582.0,367278.0
2024-06-28T12:10:00,20240628121000,41.0,54.9,701.0,556.0,386588.0,371123.0
2024-06-28T12:20:00,20240628122000,41.2,54.9,691.0,565.0,386386.0,370931.0
2024-06-28T12:30:00,20240628123000,41.3,54.9,663.0,564.0,371970.0,357091.0
2024-06-28T12:40:00,20240628124000,41.2,54.4,619.0,580.0,355168.0,340961.0
2024-06-28T12:50:00,20240628125000,41.1,54.3,628.0,571.0,356642.0,342376.0
2024-06-28T13:00:00,20240628130000,40.9,54.3,626.0,573.0,355761.0,341530.0
2024-06-28T13:10:00,20240628131000,40.8,54.2,610.0,567.0,341928.0,328251.0
2024-06-28T13:20:00,20240628132000,40.7,54.2,614.0,572.0,347279.0,333388.0
2024-06-28T13:30:00,20240628133000,40.6,54.2,571.0,592.0,332508.0,319207.0
2024-06-28T13:40:00,20240628134000,40.3,54.1,580.0,575.0,328716.0,315567.0
2024-06-28T13:50:00,20240628135000,40.1,54.1,570.0,573.0,322608.0,309704.0
2024-06-28T14:00:00,20240628140000,40.0,54.0,550.0,588.0,317894.0,305179.0
2024-06-28T14:10:00,20240628141000,39.8,54.0,544.0,591.0,316564.0,303902.0
2024-06-28T14:20:00,20240628142000,39.7,54.0,533.0,578.0,305118.0,292913.0
2024-06-28T14:30:00,20240628143000,39.5,53.9,526.0,568.0,297279.0,285388.0
2024-06-28T14:40:00,20240628144000,39.4,53.9,510.0,567.0,283306.0,271974.0
2024-06-28T14:50:00,20240628145000,39.2,53.8,486.0,568.0,274639.0,263653.0
2024-06-28T15:00:00,20240628150000,39.1,53.8,473.0,566.0,263808.0,253243.0
2024-06-28T15:10:00,20240628151000,38.9,53.8,446.0,581.0,253482.0,243205.0
2024-06-28T15:20:00,20240628152000,38.8,53.7,396.0,601.0,233078.0,223256.0
2024-06-28T15:30:00,20240628153000,38.6,53.7,377.0,597.0,220250.0,210751.0
2024-06-28T15:40:00,20240628154000,38.5,53.6,368.0,573.0,208119.0,198947.0
2024-06-28T15:50:00,20240628155000,38.3,53.6,333.0,588.0,190721.0,182058.0
2024-06-28T16:00:00,20240628160000,38.2,53.5,301.0,584.0,172389.0,164312.0
2024-06-28T16:10:00,20240628161000,38.1,52.9,276.0,584.0,157619.0,150056.0
2024-06-28T16:20:00,20240628162000,37.9,50.8,245.0,577.0,137901.0,131073.0
2024-06-28T16:30:00,20240628163000,37.8,48.8,245.0,581.0,138508.0,131656.0
2024-06-28T16:40:00,20240628164000,37.6,47.1,221.0,607.0,128836.0,122198.0
2024-06-28T16:50:00,20240628165000,37.5,45.5,196.0,608.0,115500.0,108735.0
2024-06-28T17:00:00,20240628170000,37.3,43.9,179.0,586.0,101860.0,95150.0
2024-06-28T17:10:00,20240628171000,37.0,42.0,160.0,575.0,89005.0,82548.0
2024-06-28T17:20:00,20240628172000,36.8,39.3,133.0,587.0,75126.0,69145.0
2024-06-28T17:30:00,20240628173000,36.5,36.8,98.3,574.0,53552.0,48420.0
2024-06-28T17:40:00,20240628174000,36.2,34.4,74.2,563.0,39476.0,34595.0
2024-06-28T17:50:00,20240628175000,36.0,32.6,71.0,542.0,36653.0,31898.0
2024-06-28T18:00:00,20240628180000,35.7,31.6,70.0,498.0,34569.0,29933.0
2024-06-28T18:10:00,20240628181000,35.5,30.7,63.2,464.0,30366.0,26037.0
2024-06-28T18:20:00,20240628182000,35.3,29.7,52.0,469.0,24350.0,20586.0
2024-06-28T18:30:00,20240628183000,35.1,28.9,41.5,476.0,18774.0,15670.0
2024-06-28T18:40:00,20240628184000,34.8,28.0,34.8,489.0,15177.0,12563.0
2024-06-28T18:50:00,20240628185000,34.5,27.1,23.5,491.0,8978.0,7336.0
2024-06-28T19:00:00,20240628190000,34.2,26.2,11.2,504.0,3058.0,2472.0
2024-06-28T19:10:00,20240628191000,33.9,25.2,2.46,486.0,0.0,0.0
2024-06-28T19:20:00,20240628192000,33.6,23.9,2.55,360.0,0.0,0.0
2024-06-28T19:30:00,20240628193000,33.3,22.6,2.6,213.0,0.0,0.0
2024-06-28T19:40:00,20240628194000,33.0,22.0,2.49,78.8,0.0,0.0
2024-06-28T19:50:00,20240628195000,32.7,21.9,2.2,28.6,0.0,0.0
2024-06-28T20:00:00,20240628200000,32.4,21.8,5.0,8.96,0.0,0.0
2024-06-28T20:10:00,20240628201000,32.1,21.7,5.09,3.81,0.0,0.0
2024-06-28T20:20:00,20240628202000,31.9,21.6,4.83,3.66,0.0,0.0
2024-06-28T20:30:00,20240628203000,31.8,21.5,5.29,3.66,0.0,0.0
2024-06-28T20:40:00,20240628204000,31.7,21.3,4.99,2.54,0.0,0.0
2024-06-28T20:50:00,20240628205000,31.6,21.2,5.14,2.35,0.0,0.0
2024-06-28T21:00:00,20240628210000,31.6,21.1,5.21,2.35,0.0,0.0
2024-06-28T21:10:00,20240628211000,31.5,21.0,5.16,2.6,0.0,0.0
2024-06-28T21:20:00,20240628212000,31.4,20.9,5.36,2.64,0.0,0.0
2024-06-28T21:30:00,20240628213000,31.3,20.7,5.01,2.64,0.0,0.0
2024-06-28T21:40:00,20240628214000,31.4,20.6,5.2,3.31,0.0,0.0
2024-06-28T21:50:00,20240628215000,31.3,20.5,5.07,3.43,0.0,0.0
2024-06-28T22:00:00,20240628220000,31.2,20.4,5.2,3.43,0.0,0.0
2024-06-28T22:10:00,20240628221000,31.1,20.3,5.24,2.65,0.0,0.0
2024-06-28T22:20:00,20240628222000,31.1,20.1,4.93,2.51,0.0,0.0
2024-06-28T22:30:00,20240628223000,31.0,20.0,5.46,2.51,0.0,0.0
2024-06-28T22:40:00,20240628224000,30.8,19.9,5.07,3.4,0.0,0.0
2024-06-28T22:50:00,20240628225000,30.7,19.8,4.83,3.56,0.0,0.0
2024-06-28T23:00:00,20240628230000,30.6,19.7,5.45,3.56,0.0,0.0
2024-06-28T23:10:00,20240628231000,30.5,19.6,5.1,2.89,0.0,0.0
2024-06-28T23:20:00,20240628232000,30.5,19.6,4.85,2.77,0.0,0.0
2024-06-28T23:30:00,20240628233000,30.4,19.6,5.43,2.77,0.0,0.0
2024-06-28T23:40:00,20240628234000,30.3,19.5,5.1,2.66,0.0,0.0
2024-06-28T23:50:00,20240628235000,30.2,19.5,4.84,2.64,0.0,0.0
2024-06-29T00:00:00,20240629000000,30.1,19.5,5.3,2.64,0.0,0.0
2024-06-29T00:10:00,20240629001000,30.1,19.5,4.83,2.28,0.0,0.0
2024-06-29T00:20:00,20240629002000,30.0,19.5,4.87,2.21,0.0,0.0
2024-06-29T00:30:00,20240629003000,29.9,19.5,5.33,2.21,0.0,0.0
2024-06-29T00:40:00,20240629004000,29.8,19.5,5.33,3.05,0.0,0.0
2024-06-29T00:50:00,20240629005000,29.7,19.5,5.06,3.2,0.0,0.0
2024-06-29T01:00:00,20240629010000,29.7,19.5,5.08,3.2,0.0,0.0
2024-06-29T01:10:00,20240629011000,29.6,19.5,5.16,3.17,0.0,0.0
2024-06-29T01:20:00,20240629012000,29.5,19.5,5.05,3.17,0.0,0.0
2024-06-29T01:30:00,20240629013000,29.4,19.5,4.8,3.17,0.0,0.0
2024-06-29T01:40:00,20240629014000,29.3,19.5,4.75,2.92,0.0,0.0
2024-06-29T01:50:00,20240629015000,29.3,19.5,4.9,2.87,0.0,0.0
2024-06-29T02:00:00,20240629020000,29.2,19.5,5.45,2.87,0.0,0.0
2024-06-29T02:10:00,20240629021000,29.2,19.5,5.16,2.67,0.0,0.0
2024-06-29T02:20:00,20240629022000,29.2,19.5,5.1,2.61,0.0,0.0
2024-06-29T02:30:00,20240629023000,29.2,19.5,5.1,2.61,0.0,0.0
2024-06-29T02:40:00,20240629024000,29.2,19.6,5.32,3.1,0.0,0.0
2024-06-29T02:50:00,20240629025000,29.2,19.7,5.2,3.26,0.0,0.0
2024-06-29T03:00:00,20240629030000,29.3,19.8,5.17,3.26,0.0,0.0
2024-06-29T03:10:00,20240629031000,29.3,19.9,5.23,2.75,0.0,0.0
2024-06-29T03:20:00,20240629032000,29.3,20.0,5.36,2.58,0.0,0.0
2024-06-29T03:30:00,20240629033000,29.3,20.1,5.47,2.58,0.0,0.0
2024-06-29T03:40:00,20240629034000,29.1,20.2,5.2,3.04,0.0,0.0
2024-06-29T03:50:00,20240629035000,29.1,20.4,4.94,5.3,0.0,0.0
2024-06-29T04:00:00,20240629040000,29.1,20.5,4.05,15.2,0.0,0.0
2024-06-29T04:10:00,20240629041000,29.1,20.6,1.96,36.1,0.0,0.0
2024-06-29T04:20:00,20240629042000,29.1,20.7,2.3,57.6,0.0,0.0
2024-06-29T04:30:00,20240629043000,29.1,20.8,2.22,96.7,0.0,0.0
2024-06-29T04:40:00,20240629044000,29.1,20.9,2.31,234.0,0.0,0.0
2024-06-29T04:50:00,20240629045000,29.1,21.1,2.38,378.0,0.0,0.0
2024-06-29T05:00:00,20240629050000,29.1,21.2,2.46,509.0,0.0,0.0
2024-06-29T05:10:00,20240629051000,29.1,21.3,11.6,494.0,3324.0,2687.0
2024-06-29T05:20:00,20240629052000,29.1,22.3,27.5,486.0,10900.0,8958.0
2024-06-29T05:30:00,20240629053000,29.1,24.7,47.2,503.0,21775.0,18346.0
2024-06-29T05:40:00,20240629054000,29.3,27.1,31.3,526.0,12965.0,10707.0
2024-06-29T05:50:00,20240629055000,29.3,28.4,23.8,506.0,8440.0,6906.0
2024-06-29T06:00:00,20240629060000,29.3,27.4,26.3,491.0,10495.0,8604.0
2024-06-29T06:10:00,20240629061000,29.3,28.5,30.6,498.0,12926.0,10675.0
2024-06-29T06:20:00,20240629062000,29.3,29.0,17.2,508.0,5377.0,4378.0
2024-06-29T06:30:00,20240629063000,29.3,26.4,3.01,471.0,0.0,0.0
2024-06-29T06:40:00,20240629064000,29.3,25.8,2.63,414.0,0.0,0.0
2024-06-29T06:50:00,20240629065000,29.3,25.1,2.73,488.0,0.0,0.0
2024-06-29T07:00:00,20240629070000,29.3,23.3,3.09,511.0,0.0,0.0
2024-06-29T07:10:00,20240629071000,29.4,24.5,34.1,546.0,15693.0,13311.0
2024-06-29T07:20:00,20240629072000,29.4,26.3,43.7,513.0,20094.0,16925.0
2024-06-29T07:30:00,20240629073000,29.4,28.0,21.2,539.0,7581.0,6238.0
2024-06-29T07:40:00,20240629074000,29.4,26.4,18.0,475.0,6387.0,5212.0
2024-06-29T07:50:00,20240629075000,29.4,26.9,19.9,512.0,6959.0,5687.0
2024-06-29T08:00:00,20240629080000,29.4,27.5,16.1,495.0,5748.0,4693.0
2024-06-29T08:10:00,20240629081000,29.4,28.0,20.8,476.0,7791.0,6368.0
2024-06-29T08:20:00,20240629082000,29.4,28.6,13.0,469.0,3362.0,2711.0
2024-06-29T08:30:00,20240629083000,29.4,27.0,18.8,522.0,6425.0,5244.0
2024-06-29T08:40:00,20240629084000,29.4,27.0,13.6,535.0,4052.0,3290.0
2024-06-29T08:50:00,20240629085000,29.4,27.9,15.7,542.0,5422.0,4436.0
2024-06-29T09:00:00,20240629090000,29.4,28.9,26.7,504.0,10168.0,8360.0
2024-06-29T09:10:00,20240629091000,29.4,29.3,13.6,555.0,3944.0,3213.0
2024-06-29T09:20:00,20240629092000,29.4,26.2,20.7,598.0,8154.0,6756.0
2024-06-29T09:30:00,20240629093000,29.4,26.8,19.7,510.0,7169.0,5870.0
2024-06-29T09:40:00,20240629094000,29.4,27.7,27.0,569.0,11748.0,9776.0
2024-06-29T09:50:00,20240629095000,29.4,27.6,9.9,603.0,2328.0,1888.0
2024-06-29T10:00:00,20240629100000,29.4,24.4,3.0,659.0,0.0,0.0
2024-06-29T10:10:00,20240629101000,29.4,24.5,10.9,532.0,2989.0,2426.0
2024-06-29T10:20:00,20240629102000,29.4,24.6,5.29,645.0,906.0,734.0
2024-06-29T10:30:00,20240629103000,29.4,24.3,7.68,609.0,1911.0,1557.0
2024-06-29T10:40:00,20240629104000,29.4,23.0,14.3,667.0,5146.0,4258.0
2024-06-29T10:50:00,20240629105000,29.4,23.0,2.96,674.0,0.0,0.0
2024-06-29T11:00:00,20240629110000,29.4,23.0,6.48,592.0,1384.0,1120.0
2024-06-29T11:10:00,20240629111000,29.4,23.0,22.7,592.0,9386.0,7790.0
2024-06-29T11:20:00,20240629112000,29.3,23.0,9.31,697.0,4351.0,3605.0
2024-06-29T11:30:00,20240629113000,29.3,23.0,21.6,743.0,10199.0,9370.0
2024-06-29T11:40:00,20240629114000,29.3,27.0,129.0,648.0,70958.0,66379.0
2024-06-29T11:50:00,20240629115000,29.3,35.1,161.0,625.0,88811.0,83560.0
2024-06-29T12:00:00,20240629120000,29.3,34.7,46.7,657.0,24707.0,21824.0
2024-06-29T12:10:00,20240629121000,29.3,34.1,25.4,549.0,9325.0,7804.0
2024-06-29T12:20:00,20240629122000,29.3,32.2,25.9,616.0,11153.0,9425.0
2024-06-29T12:30:00,20240629123000,29.3,30.1,2.66,848.0,0.0,0.0
2024-06-29T12:40:00,20240629124000,29.3,29.3,60.0,783.0,34144.0,32689.0
2024-06-29T12:50:00,20240629125000,29.5,52.0,550.0,643.0,349379.0,334484.0
2024-06-29T13:00:00,20240629130000,29.9,54.4,599.0,641.0,381136.0,364882.0
2024-06-29T13:10:00,20240629131000,30.4,55.3,682.0,599.0,403488.0,386957.0
2024-06-29T13:20:00,20240629132000,30.8,54.7,696.0,592.0,406718.0,389958.0
2024-06-29T13:30:00,20240629133000,31.3,54.8,801.0,567.0,453475.0,433209.0
2024-06-29T13:40:00,20240629134000,33.8,51.9,490.0,580.0,280907.0,268668.0
2024-06-29T13:50:00,20240629135000,35.7,40.6,66.1,574.0,35696.0,33312.0
2024-06-29T14:00:00,20240629140000,34.5,30.2,11.9,503.0,3469.0,2805.0
2024-06-29T14:10:00,20240629141000,33.2,27.2,71.4,481.0,32637.0,29026.0
2024-06-29T14:20:00,20240629142000,32.9,28.6,162.0,482.0,77592.0,71599.0
2024-06-29T14:30:00,20240629143000,32.9,34.4,213.0,490.0,103545.0,97008.0
2024-06-29T14:40:00,20240629144000,33.0,39.3,326.0,533.0,172445.0,164371.0
2024-06-29T14:50:00,20240629145000,33.0,50.6,435.0,543.0,234294.0,224194.0
2024-06-29T15:00:00,20240629150000,33.2,55.1,542.0,569.0,303455.0,291160.0
2024-06-29T15:10:00,20240629151000,33.7,54.3,511.0,563.0,283894.0,272279.0
2024-06-29T15:20:00,20240629152000,34.1,55.1,510.0,577.0,290133.0,278528.0
2024-06-29T15:30:00,20240629153000,33.9,55.2,503.0,579.0,287741.0,276174.0
2024-06-29T15:40:00,20240629154000,33.4,54.5,463.0,573.0,261269.0,250576.0
2024-06-29T15:50:00,20240629155000,33.0,51.3,205.0,579.0,116240.0,109781.0
2024-06-29T16:00:00,20240629160000,32.6,41.8,166.0,599.0,93834.0,87618.0
2024-06-29T16:10:00,20240629161000,33.3,41.0,162.0,576.0,91798.0,85647.0
2024-06-29T16:20:00,20240629162000,33.4,41.2,209.0,592.0,121691.0,114780.0
2024-06-29T16:30:00,20240629163000,33.4,43.1,229.0,604.0,134371.0,127236.0
2024-06-29T16:40:00,20240629164000,33.4,45.7,253.0,617.0,151112.0,143786.0
2024-06-29T16:50:00,20240629165000,33.3,52.3,226.0,621.0,135040.0,128317.0
2024-06-29T17:00:00,20240629170000,33.2,44.3,210.0,605.0,122473.0,115788.0
2024-06-29T17:10:00,20240629171000,33.0,38.5,168.0,576.0,93693.0,87127.0
2024-06-29T17:20:00,20240629172000,32.9,42.9,179.0,574.0,99961.0,93293.0
2024-06-29T17:30:00,20240629173000,32.7,40.7,157.0,570.0,86479.0,80205.0
2024-06-29T17:40:00,20240629174000,32.5,38.9,115.0,616.0,65929.0,60359.0
2024-06-29T17:50:00,20240629175000,32.3,40.6,81.4,602.0,44841.0,39890.0
2024-06-29T18:00:00,20240629180000,32.2,33.9,52.6,557.0,25816.0,21941.0
2024-06-29T18:10:00,20240629181000,32.0,32.9,31.8,539.0,13502.0,11183.0
2024-06-29T18:20:00,20240629182000,31.8,30.9,23.4,500.0,8721.0,7119.0
2024-06-29T18:30:00,20240629183000,31.7,28.3,19.8,482.0,6966.0,5660.0
2024-06-29T18:40:00,20240629184000,31.4,28.3,13.3,467.0,4004.0,3248.0
2024-06-29T18:50:00,20240629185000,31.2,26.2,14.4,465.0,3998.0,3230.0
2024-06-29T19:00:00,20240629190000,31.1,25.8,3.28,537.0,52.9,42.4
2024-06-29T19:10:00,20240629191000,30.9,23.6,3.11,535.0,0.0,0.0
2024-06-29T19:20:00,20240629192000,30.7,22.6,2.54,439.0,0.0,0.0
2024-06-29T19:30:00,20240629193000,30.6,22.1,2.68,282.0,0.0,0.0
2024-06-29T19:40:00,20240629194000,30.4,21.5,2.74,120.0,0.0,0.0
2024-06-29T19:50:00,20240629195000,30.2,20.9,2.35,43.0,0.0,0.0
2024-06-29T20:00:00,20240629200000,30.0,20.4,4.61,10.8,0.0,0.0
2024-06-29T20:10:00,20240629201000,29.9,20.0,5.49,4.38,0.0,0.0
2024-06-29T20:20:00,20240629202000,29.7,19.9,5.07,3.04,0.0,0.0
2024-06-29T20:30:00,20240629203000,29.5,19.7,5.06,3.04,0.0,0.0
2024-06-29T20:40:00,20240629204000,29.3,19.6,5.6,3.33,0.0,0.0
2024-06-29T20:50:00,20240629205000,29.2,19.5,5.42,3.63,0.0,0.0
2024-06-29T21:00:00,20240629210000,29.0,19.3,5.21,3.63,0.0,0.0
2024-06-29T21:10:00,20240629211000,28.8,19.2,5.01,3.46,0.0,0.0
2024-06-29T21:20:00,20240629212000,28.6,19.1,5.04,3.3,0.0,0.0
2024-06-29T21:30:00,20240629213000,28.5,19.0,5.59,3.3,0.0,0.0
2024-06-29T21:40:00,20240629214000,28.7,19.2,5.35,3.04,0.0,0.0
2024-06-29T21:50:00,20240629215000,28.8,19.5,5.12,2.77,0.0,0.0
2024-06-29T22:00:00,20240629220000,29.0,19.8,5.0,2.77,0.0,0.0
2024-06-29T22:10:00,20240629221000,29.2,20.1,4.99,2.58,0.0,0.0
2024-06-29T22:20:00,20240629222000,29.3,20.3,4.98,2.38,0.0,0.0
2024-06-29T22:30:00,20240629223000,29.4,20.6,4.97,2.38,0.0,0.0
2024-06-29T22:40:00,20240629224000,29.4,20.7,5.0,2.66,0.0,0.0
2024-06-29T22:50:00,20240629225000,29.4,20.8,5.0,2.94,0.0,0.0
2024-06-29T23:00:00,20240629230000,29.4,20.9,5.0,2.94,0.0,0.0
2024-06-29T23:10:00,20240629231000,29.4,21.0,5.0,3.21,0.0,0.0
2024-06-29T23:20:00,20240629232000,29.4,21.1,5.0,3.63,0.0,0.0
2024-06-29T23:30:00,20240629233000,29.3,21.1,5.0,3.63,0.0,0.0
2024-06-29T23:40:00,20240629234000,29.3,21.1,5.0,3.02,0.0,0.0
2024-06-29T23:50:00,20240629235000,29.2,21.1,5.0,2.12,0.0,0.0
2024-06-30T00:00:00,20240630000000,29.2,21.0,5.0,2.12,0.0,0.0
2024-06-30T00:10:00,20240630001000,29.1,21.0,5.0,2.64,0.0,0.0
2024-06-30T00:20:00,20240630002000,29.1,21.0,5.0,3.43,0.0,0.0
2024-06-30T00:30:00,20240630003000,29.0,20.9,5.0,3.43,0.0,0.0
2024-06-30T00:40:00,20240630004000,28.9,20.8,5.0,3.14,0.0,0.0
2024-06-30T00:50:00,20240630005000,28.8,20.8,5.0,2.71,0.0,0.0
2024-06-30T01:00:00,20240630010000,28.8,20.7,5.0,2.71,0.0,0.0
2024-06-30T01:10:00,20240630011000,28.7,20.7,5.0,2.64,0.0,0.0
2024-06-30T01:20:00,20240630012000,28.7,20.7,5.0,2.54,0.0,0.0
2024-06-30T01:30:00,20240630013000,28.6,20.6,5.0,2.54,0.0,0.0
2024-06-30T01:40:00,20240630014000,28.5,20.9,5.0,2.57,0.0,0.0
2024-06-30T01:50:00,20240630015000,28.4,20.9,5.01,2.61,0.0,0.0
2024-06-30T02:00:00,20240630020000,28.4,20.9,5.02,2.61,0.0,0.0
2024-06-30T02:10:00,20240630021000,28.3,20.9,5.03,2.83,0.0,0.0
2024-06-30T02:20:00,20240630022000,28.2,20.9,5.04,3.17,0.0,0.0
2024-06-30T02:30:00,20240630023000,28.2,20.9,5.05,3.17,0.0,0.0
2024-06-30T02:40:00,20240630024000,28.1,20.9,5.06,3.1,0.0,0.0
2024-06-30T02:50:00,20240630025000,28.0,20.8,5.08,3.0,0.0,0.0
2024-06-30T03:00:00,20240630030000,28.0,20.8,5.09,3.0,0.0,0.0
2024-06-30T03:10:00,20240630031000,27.9,20.8,5.1,2.78,0.0,0.0
2024-06-30T03:20:00,20240630032000,27.8,20.8,5.08,2.44,0.0,0.0
2024-06-30T03:30:00,20240630033000,27.8,20.8,5.06,2.44,0.0,0.0
2024-06-30T03:40:00,20240630034000,27.7,20.8,5.03,3.02,0.0,0.0
2024-06-30T03:50:00,20240630035000,27.7,20.7,5.05,6.75,0.0,0.0
2024-06-30T04:00:00,20240630040000,27.6,20.7,3.17,27.4,0.0,0.0
2024-06-30T04:10:00,20240630041000,27.5,20.7,2.64,113.0,0.0,0.0
2024-06-30T04:20:00,20240630042000,27.5,20.7,2.69,291.0,0.0,0.0
2024-06-30T04:30:00,20240630043000,27.4,20.7,2.74,452.0,0.0,0.0
2024-06-30T04:40:00,20240630044000,27.3,20.7,2.8,567.0,0.0,0.0
2024-06-30T04:50:00,20240630045000,27.3,20.7,9.2,507.0,1941.0,1564.0
2024-06-30T05:00:00,20240630050000,27.2,22.0,12.1,463.0,3084.0,2486.0
2024-06-30T05:10:00,20240630051000,27.1,23.6,18.4,469.0,6015.0,4878.0
2024-06-30T05:20:00,20240630052000,27.1,25.3,24.8,489.0,9613.0,7858.0
2024-06-30T05:30:00,20240630053000,27.0,26.9,31.8,508.0,12801.0,10540.0
2024-06-30T05:40:00,20240630054000,27.1,28.6,39.9,518.0,17697.0,14737.0
2024-06-30T05:50:00,20240630055000,27.4,30.2,52.6,525.0,25240.0,21397.0
2024-06-30T06:00:00,20240630060000,27.8,31.9,72.4,489.0,35142.0,30489.0
2024-06-30T06:10:00,20240630061000,28.2,33.6,94.2,473.0,45220.0,40205.0
2024-06-30T06:20:00,20240630062000,28.5,36.7,116.0,486.0,56227.0,51027.0
2024-06-30T06:30:00,20240630063000,28.9,41.0,134.0,572.0,73320.0,67414.0
2024-06-30T06:40:00,20240630064000,29.2,45.5,151.0,604.0,87389.0,80980.0
2024-06-30T06:50:00,20240630065000,29.6,51.3,187.0,564.0,102942.0,96224.0
2024-06-30T07:00:00,20240630070000,29.9,49.6,207.0,604.0,120088.0,113350.0
2024-06-30T07:10:00,20240630071000,30.3,43.3,233.0,612.0,137866.0,131019.0
2024-06-30T07:20:00,20240630072000,30.6,53.0,274.0,583.0,156479.0,148957.0
2024-06-30T07:30:00,20240630073000,30.7,46.8,307.0,581.0,175586.0,167404.0
2024-06-30T07:40:00,20240630074000,30.6,44.9,331.0,595.0,192149.0,183443.0
2024-06-30T07:50:00,20240630075000,31.2,45.5,343.0,621.0,208546.0,199361.0
2024-06-30T08:00:00,20240630080000,31.8,47.0,370.0,618.0,224745.0,215130.0
2024-06-30T08:10:00,20240630081000,31.6,52.0,410.0,598.0,239264.0,229299.0
2024-06-30T08:20:00,20240630082000,32.3,53.2,432.0,597.0,253976.0,243689.0
2024-06-30T08:30:00,20240630083000,32.2,55.3,454.0,601.0,269421.0,258644.0
2024-06-30T08:40:00,20240630084000,32.9,54.7,482.0,595.0,281634.0,270368.0
2024-06-30T08:50:00,20240630085000,33.1,54.8,499.0,603.0,294541.0,282759.0
2024-06-30T09:00:00,20240630090000,32.9,54.9,512.0,601.0,306633.0,294368.0
2024-06-30T09:10:00,20240630091000,32.9,55.0,545.0,588.0,317510.0,304809.0
2024-06-30T09:20:00,20240630092000,33.1,55.2,556.0,601.0,330213.0,317005.0
2024-06-30T09:30:00,20240630093000,33.3,55.3,577.0,595.0,340750.0,327120.0
2024-06-30T09:40:00,20240630094000,33.5,55.4,595.0,593.0,348560.0,334617.0
2024-06-30T09:50:00,20240630095000,33.7,55.5,621.0,586.0,360919.0,346482.0
2024-06-30T10:00:00,20240630100000,33.9,55.6,659.0,564.0,366223.0,351574.0
2024-06-30T10:10:00,20240630101000,34.1,55.8,668.0,566.0,376166.0,361119.0
2024-06-30T10:20:00,20240630102000,34.3,55.7,667.0,578.0,383688.0,368333.0
2024-06-30T10:30:00,20240630103000,34.5,55.2,652.0,593.0,382703.0,367378.0
2024-06-30T10:40:00,20240630104000,34.6,54.7,682.0,566.0,386089.0,370349.0
2024-06-30T10:50:00,20240630105000,34.8,55.0,609.0,573.0,346708.0,332823.0
2024-06-30T11:00:00,20240630110000,35.0,55.0,669.0,560.0,374549.0,359458.0
2024-06-30T11:10:00,20240630111000,35.2,54.5,517.0,566.0,291128.0,279335.0
2024-06-30T11:20:00,20240630112000,35.4,55.0,428.0,540.0,229347.0,219614.0
2024-06-30T11:30:00,20240630113000,35.6,55.5,472.0,574.0,265497.0,254646.0
2024-06-30T11:40:00,20240630114000,35.7,54.7,404.0,543.0,218457.0,209016.0
2024-06-30T11:50:00,20240630115000,35.6,55.6,455.0,552.0,247971.0,237554.0
2024-06-30T12:00:00,20240630120000,35.6,53.8,395.0,576.0,222548.0,213012.0
2024-06-30T12:10:00,20240630121000,35.5,55.3,378.0,607.0,222394.0,212834.0
2024-06-30T12:20:00,20240630122000,35.5,54.9,365.0,600.0,214722.0,205383.0
2024-06-30T12:30:00,20240630123000,35.4,55.9,407.0,595.0,237674.0,227634.0
2024-06-30T12:40:00,20240630124000,35.4,53.7,369.0,632.0,227549.0,217784.0
2024-06-30T12:50:00,20240630125000,35.3,51.7,301.0,586.0,174012.0,165889.0
2024-06-30T13:00:00,20240630130000,35.3,52.1,393.0,589.0,227407.0,217737.0
2024-06-30T13:10:00,20240630131000,35.2,56.1,490.0,587.0,283372.0,271835.0
2024-06-30T13:20:00,20240630132000,35.2,55.0,543.0,583.0,312621.0,300116.0
2024-06-30T13:30:00,20240630133000,35.1,54.2,389.0,592.0,226637.0,216972.0
2024-06-30T13:40:00,20240630134000,35.1,54.4,317.0,606.0,187831.0,179262.0
2024-06-30T13:50:00,20240630135000,35.0,55.2,479.0,614.0,289735.0,277936.0
2024-06-30T14:00:00,20240630140000,35.0,48.8,252.0,625.0,151153.0,143840.0
2024-06-30T14:10:00,20240630141000,34.9,48.8,330.0,643.0,205687.0,196750.0
2024-06-30T14:20:00,20240630142000,34.9,53.2,347.0,616.0,207889.0,198696.0
2024-06-30T14:30:00,20240630143000,34.9,54.1,454.0,597.0,265307.0,254331.0
2024-06-30T14:40:00,20240630144000,34.8,51.5,323.0,639.0,201070.0,192224.0
2024-06-30T14:50:00,20240630145000,34.7,54.4,327.0,647.0,206260.0,197189.0
2024-06-30T15:00:00,20240630150000,34.6,55.1,450.0,598.0,266036.0,255156.0
2024-06-30T15:10:00,20240630151000,34.4,56.0,433.0,612.0,260006.0,249109.0
2024-06-30T15:20:00,20240630152000,34.3,50.3,305.0,615.0,185113.0,176532.0
2024-06-30T15:30:00,20240630153000,34.2,47.4,252.0,605.0,148474.0,141009.0
2024-06-30T15:40:00,20240630154000,34.1,45.8,234.0,609.0,138926.0,131852.0
2024-06-30T15:50:00,20240630155000,34.0,44.7,288.0,584.0,164210.0,156432.0
2024-06-30T16:00:00,20240630160000,33.8,43.5,208.0,569.0,114510.0,107736.0
2024-06-30T16:10:00,20240630161000,33.7,39.2,172.0,590.0,98571.0,91937.0
2024-06-30T16:20:00,20240630162000,33.6,38.1,148.0,561.0,81078.0,74981.0
2024-06-30T16:30:00,20240630163000,33.5,38.5,226.0,545.0,120197.0,113386.0
2024-06-30T16:40:00,20240630164000,33.1,41.5,270.0,555.0,146311.0,138810.0
2024-06-30T16:50:00,20240630165000,32.9,45.0,217.0,620.0,128999.0,122170.0
2024-06-30T17:00:00,20240630170000,32.8,45.2,227.0,616.0,135251.0,128393.0
2024-06-30T17:10:00,20240630171000,32.6,43.9,183.0,605.0,106224.0,99508.0
2024-06-30T17:20:00,20240630172000,32.5,42.6,177.0,587.0,101770.0,95134.0
2024-06-30T17:30:00,20240630173000,32.4,39.9,128.0,567.0,68876.0,63189.0
2024-06-30T17:40:00,20240630174000,32.4,36.4,82.1,584.0,44572.0,39639.0
2024-06-30T17:50:00,20240630175000,32.3,33.1,80.3,511.0,40336.0,35455.0
2024-06-30T18:00:00,20240630180000,32.2,31.0,86.5,495.0,41988.0,37030.0
2024-06-30T18:10:00,20240630181000,32.1,31.2,81.4,525.0,41255.0,36339.0
2024-06-30T18:20:00,20240630182000,31.9,32.1,55.1,521.0,26898.0,22881.0
2024-06-30T18:30:00,20240630183000,31.8,29.8,52.0,504.0,24596.0,20816.0
2024-06-30T18:40:00,20240630184000,31.5,28.5,38.5,477.0,16885.0,14047.0
2024-06-30T18:50:00,20240630185000,31.4,28.1,20.9,476.0,7640.0,6224.0
2024-06-30T19:00:00,20240630190000,31.2,26.1,8.61,513.0,1463.0,1178.0
2024-06-30T19:10:00,20240630191000,31.1,24.8,2.59,473.0,0.0,0.0
2024-06-30T19:20:00,20240630192000,31.0,23.9,2.69,311.0,0.0,0.0
2024-06-30T19:30:00,20240630193000,30.8,23.0,2.45,170.0,0.0,0.0
2024-06-30T19:40:00,20240630194000,30.7,22.0,2.24,65.6,0.0,0.0
2024-06-30T19:50:00,20240630195000,30.6,21.6,3.12,22.4,0.0,0.0
2024-06-30T20:00:00,20240630200000,30.4,21.5,5.19,7.29,0.0,0.0
2024-06-30T20:10:00,20240630201000,30.3,21.3,5.25,3.77,0.0,0.0
2024-06-30T20:20:00,20240630202000,30.2,21.1,5.27,2.48,0.0,0.0
2024-06-30T20:30:00,20240630203000,30.0,20.9,4.99,2.48,0.0,0.0
2024-06-30T20:40:00,20240630204000,29.9,20.8,5.21,2.72,0.0,0.0
2024-06-30T20:50:00,20240630205000,29.7,20.6,5.04,2.97,0.0,0.0
2024-06-30T21:00:00,20240630210000,29.6,20.4,5.12,2.97,0.0,0.0
2024-06-30T21:10:00,20240630211000,29.5,20.2,5.26,3.22,0.0,0.0
2024-06-30T21:20:00,20240630212000,29.3,20.1,4.94,3.46,0.0,0.0
2024-06-30T21:30:00,20240630213000,29.2,19.9,4.91,3.46,0.0,0.0
2024-06-30T21:40:00,20240630214000,29.1,19.7,5.34,3.23,0.0,0.0
2024-06-30T21:50:00,20240630215000,29.0,19.7,5.35,3.0,0.0,0.0
2024-06-30T22:00:00,20240630220000,29.0,19.8,5.05,3.0,0.0,0.0
2024-06-30T22:10:00,20240630221000,29.0,19.9,4.75,2.85,0.0,0.0
2024-06-30T22:20:00,20240630222000,29.0,20.0,4.55,2.71,0.0,0.0
2024-06-30T22:30:00,20240630223000,29.0,20.1,4.66,2.71,0.0,0.0
2024-06-30T22:40:00,20240630224000,29.0,20.2,5.07,2.99,0.0,0.0
2024-06-30T22:50:00,20240630225000,29.0,20.3,5.42,3.26,0.0,0.0
2024-06-30T23:00:00,20240630230000,29.0,20.4,5.07,3.26,0.0,0.0
2024-06-30T23:10:00,20240630231000,29.1,20.5,4.97,3.25,0.0,0.0
2024-06-30T23:20:00,20240630232000,29.1,20.7,4.8,3.23,0.0,0.0
2024-06-30T23:30:00,20240630233000,29.2,20.8,4.8,3.23,0.0,0.0
2024-06-30T23:40:00,20240630234000,29.3,21.0,4.8,2.66,0.0,0.0
2024-06-30T23:50:00,20240630235000,29.4,21.0,4.8,2.08,0.0,0.0
2024-07-01T00:00:00,20240701000000,29.4,21.1,4.8,2.08,0.0,0.0
2024-07-01T00:10:00,20240701001000,29.4,21.1,4.8,2.38,0.0,0.0
2024-07-01T00:20:00,20240701002000,29.4,21.1,4.8,2.67,0.0,0.0
2024-07-01T00:30:00,20240701003000,29.4,21.1,4.8,2.67,0.0,0.0
2024-07-01T00:40:00,20240701004000,29.3,21.1,4.83,2.95,0.0,0.0
2024-07-01T00:50:00,20240701005000,29.2,21.1,4.84,3.23,0.0,0.0
2024-07-01T01:00:00,20240701010000,29.2,21.1,4.85,3.23,0.0,0.0
2024-07-01T01:10:00,20240701011000,29.2,21.1,4.86,2.92,0.0,0.0
2024-07-01T01:20:00,20240701012000,29.2,21.1,4.87,2.61,0.0,0.0
2024-07-01T01:30:00,20240701013000,29.2,21.1,4.87,2.61,0.0,0.0
2024-07-01T01:40:00,20240701014000,29.0,21.4,4.88,2.66,0.0,0.0
2024-07-01T01:50:00,20240701015000,29.0,21.4,4.89,2.71,0.0,0.0
2024-07-01T02:00:00,20240701020000,29.0,21.5,4.9,2.71,0.0,0.0
2024-07-01T02:10:00,20240701021000,28.9,21.5,4.91,2.4,0.0,0.0
2024-07-01T02:20:00,20240701022000,28.9,21.6,4.92,2.08,0.0,0.0
2024-07-01T02:30:00,20240701023000,28.9,21.6,4.93,2.08,0.0,0.0
2024-07-01T02:40:00,20240701024000,28.9,21.6,4.93,2.59,0.0,0.0
2024-07-01T02:50:00,20240701025000,28.8,21.7,4.94,3.1,0.0,0.0
2024-07-01T03:00:00,20240701030000,28.8,21.7,4.95,3.1,0.0,0.0
2024-07-01T03:10:00,20240701031000,28.8,21.7,4.96,3.64,0.0,0.0
2024-07-01T03:20:00,20240701032000,28.8,21.8,4.97,4.18,0.0,0.0
2024-07-01T03:30:00,20240701033000,28.7,21.8,4.98,4.18,0.0,0.0
2024-07-01T03:40:00,20240701034000,28.7,21.8,4.99,3.8,0.0,0.0
2024-07-01T03:50:00,20240701035000,28.7,21.9,4.99,4.85,0.0,0.0
2024-07-01T04:00:00,20240701040000,28.6,21.9,4.56,11.9,0.0,0.0
2024-07-01T04:10:00,20240701041000,28.6,21.9,2.3,33.4,0.0,0.0
2024-07-01T04:20:00,20240701042000,28.6,22.0,2.3,76.3,0.0,0.0
2024-07-01T04:30:00,20240701043000,28.6,22.0,2.39,183.0,0.0,0.0
2024-07-01T04:40:00,20240701044000,28.5,22.0,2.47,336.0,0.0,0.0
2024-07-01T04:50:00,20240701045000,28.5,22.1,2.38,486.0,0.0,0.0
2024-07-01T05:00:00,20240701050000,28.5,22.1,6.66,555.0,1235.0,997.0
2024-07-01T05:10:00,20240701051000,28.6,22.9,16.9,466.0,5288.0,4288.0
2024-07-01T05:20:00,20240701052000,28.7,24.6,28.5,483.0,12008.0,9874.0
2024-07-01T05:30:00,20240701053000,28.7,26.3,42.1,495.0,18823.0,15722.0
2024-07-01T05:40:00,20240701054000,28.8,27.9,52.9,474.0,24393.0,20622.0
2024-07-01T05:50:00,20240701055000,28.8,29.6,57.6,475.0,26866.0,22843.0
2024-07-01T06:00:00,20240701060000,28.9,31.3,60.8,478.0,28622.0,24437.0
2024-07-01T06:10:00,20240701061000,29.0,33.0,59.8,503.0,29184.0,25062.0
2024-07-01T06:20:00,20240701062000,29.0,35.1,97.6,509.0,48918.0,43966.0
2024-07-01T06:30:00,20240701063000,29.2,39.6,140.0,546.0,75138.0,69166.0
2024-07-01T06:40:00,20240701064000,29.6,45.9,170.0,575.0,94718.0,88139.0
2024-07-01T06:50:00,20240701065000,29.9,52.4,207.0,590.0,118509.0,111778.0
2024-07-01T07:00:00,20240701070000,30.2,47.7,245.0,605.0,143399.0,136234.0
2024-07-01T07:10:00,20240701071000,30.5,41.6,203.0,539.0,106670.0,99986.0
2024-07-01T07:20:00,20240701072000,30.8,47.5,235.0,517.0,119632.0,112897.0
2024-07-01T07:30:00,20240701073000,30.5,51.4,216.0,558.0,117482.0,110719.0
2024-07-01T07:40:00,20240701074000,30.1,49.6,213.0,576.0,119509.0,112720.0
2024-07-01T07:50:00,20240701075000,30.6,49.1,263.0,578.0,148860.0,141621.0
2024-07-01T08:00:00,20240701080000,31.0,43.6,289.0,576.0,163042.0,155286.0
2024-07-01T08:10:00,20240701081000,31.5,41.4,272.0,593.0,157902.0,150329.0
2024-07-01T08:20:00,20240701082000,31.6,41.9,299.0,579.0,169960.0,161967.0
2024-07-01T08:30:00,20240701083000,31.2,44.5,375.0,574.0,212260.0,203000.0
2024-07-01T08:40:00,20240701084000,31.7,47.6,383.0,601.0,225148.0,215535.0
2024-07-01T08:50:00,20240701085000,32.3,51.3,416.0,583.0,237299.0,227358.0
2024-07-01T09:00:00,20240701090000,32.9,54.8,484.0,573.0,273447.0,262493.0
2024-07-01T09:10:00,20240701091000,33.1,55.6,493.0,555.0,270503.0,259645.0
2024-07-01T09:20:00,20240701092000,33.0,54.6,489.0,567.0,273213.0,262233.0
2024-07-01T09:30:00,20240701093000,33.1,55.5,507.0,557.0,278084.0,266933.0
2024-07-01T09:40:00,20240701094000,33.2,54.8,529.0,545.0,285530.0,274073.0
2024-07-01T09:50:00,20240701095000,33.4,54.5,473.0,577.0,270458.0,259496.0
2024-07-01T10:00:00,20240701100000,33.5,55.8,475.0,588.0,274452.0,263326.0
2024-07-01T10:10:00,20240701101000,33.5,55.5,475.0,589.0,274443.0,263415.0
2024-07-01T10:20:00,20240701102000,33.5,53.5,450.0,594.0,262512.0,251877.0
2024-07-01T10:30:00,20240701103000,33.5,55.0,420.0,548.0,228342.0,218645.0
2024-07-01T10:40:00,20240701104000,33.5,55.4,454.0,611.0,270055.0,259042.0
2024-07-01T10:50:00,20240701105000,33.5,53.0,437.0,644.0,277163.0,265883.0
2024-07-01T11:00:00,20240701110000,33.5,55.2,416.0,590.0,243474.0,233312.0
2024-07-01T11:10:00,20240701111000,33.6,54.8,514.0,557.0,284184.0,271714.0
2024-07-01T11:20:00,20240701112000,33.8,52.9,540.0,537.0,288861.0,276245.0
2024-07-01T11:30:00,20240701113000,33.9,56.3,657.0,559.0,365647.0,349629.0
2024-07-01T11:40:00,20240701114000,33.9,53.4,534.0,543.0,287209.0,275179.0
2024-07-01T11:50:00,20240701115000,34.0,54.1,601.0,551.0,328789.0,314635.0
2024-07-01T12:00:00,20240701120000,34.1,53.8,615.0,555.0,338708.0,324044.0
2024-07-01T12:10:00,20240701121000,34.2,53.4,523.0,587.0,300830.0,287862.0
2024-07-01T12:20:00,20240701122000,34.3,55.6,595.0,600.0,353948.0,338103.0
2024-07-01T12:30:00,20240701123000,34.4,55.1,596.0,598.0,354249.0,338904.0
2024-07-01T12:40:00,20240701124000,34.6,53.6,660.0,563.0,375559.0,359268.0
2024-07-01T12:50:00,20240701125000,34.7,55.3,698.0,519.0,361532.0,346609.0
2024-07-01T13:00:00,20240701130000,34.8,55.2,747.0,538.0,399980.0,383445.0
2024-07-01T13:10:00,20240701131000,34.9,54.5,598.0,524.0,312447.0,299698.0
2024-07-01T13:20:00,20240701132000,35.0,55.5,705.0,557.0,386788.0,371316.0
2024-07-01T13:30:00,20240701133000,35.1,55.3,655.0,582.0,375786.0,360753.0
2024-07-01T13:40:00,20240701134000,35.2,55.2,635.0,597.0,375363.0,360323.0
2024-07-01T13:50:00,20240701135000,35.3,55.1,623.0,604.0,371241.0,356391.0
2024-07-01T14:00:00,20240701140000,35.4,55.0,632.0,570.0,359431.0,345054.0
2024-07-01T14:10:00,20240701141000,35.5,54.9,624.0,580.0,357240.0,342950.0
2024-07-01T14:20:00,20240701142000,35.6,54.8,597.0,592.0,350689.0,336661.0
2024-07-01T14:30:00,20240701143000,35.7,54.6,586.0,590.0,341388.0,327732.0
2024-07-01T14:40:00,20240701144000,35.8,54.5,560.0,597.0,329864.0,316669.0
2024-07-01T14:50:00,20240701145000,35.9,54.4,538.0,602.0,317802.0,305090.0
2024-07-01T15:00:00,20240701150000,36.0,54.3,527.0,585.0,304534.0,292353.0
2024-07-01T15:10:00,20240701151000,35.9,54.2,502.0,588.0,290408.0,278791.0
2024-07-01T15:20:00,20240701152000,35.8,54.1,479.0,588.0,276626.0,265561.0
2024-07-01T15:30:00,20240701153000,35.6,54.0,448.0,599.0,262784.0,252260.0
2024-07-01T15:40:00,20240701154000,35.4,53.9,412.0,607.0,247000.0,236862.0
2024-07-01T15:50:00,20240701155000,35.3,53.8,376.0,593.0,219154.0,209758.0
2024-07-01T16:00:00,20240701160000,35.1,53.7,368.0,587.0,211883.0,202627.0
2024-07-01T16:10:00,20240701161000,34.9,53.0,341.0,580.0,194192.0,185448.0
2024-07-01T16:20:00,20240701162000,34.8,50.5,316.0,609.0,188050.0,179469.0
2024-07-01T16:30:00,20240701163000,34.6,47.9,285.0,584.0,163141.0,155385.0
2024-07-01T16:40:00,20240701164000,34.4,45.3,244.0,575.0,136577.0,129662.0
2024-07-01T16:50:00,20240701165000,34.3,41.8,207.0,591.0,118058.0,111849.0
2024-07-01T17:00:00,20240701170000,34.1,38.6,153.0,572.0,85454.0,79548.0
2024-07-01T17:10:00,20240701171000,33.9,37.3,114.0,582.0,61992.0,56713.0
2024-07-01T17:20:00,20240701172000,33.8,36.5,140.0,607.0,80987.0,74795.0
2024-07-01T17:30:00,20240701173000,33.6,35.6,111.0,588.0,61384.0,55984.0
2024-07-01T17:40:00,20240701174000,33.4,34.3,56.4,587.0,28613.0,24921.0
2024-07-01T17:50:00,20240701175000,33.3,32.4,65.7,566.0,34549.0,29976.0
2024-07-01T18:00:00,20240701180000,33.1,31.6,38.3,561.0,17370.0,14604.0
2024-07-01T18:10:00,20240701181000,32.8,31.0,21.2,548.0,7169.0,5849.0
2024-07-01T18:20:00,20240701182000,32.3,28.7,20.6,466.0,6936.0,5640.0
2024-07-01T18:30:00,20240701183000,31.9,28.3,16.5,465.0,5495.0,4451.0
2024-07-01T18:40:00,20240701184000,31.8,27.8,12.8,467.0,2945.0,2374.0
2024-07-01T18:50:00,20240701185000,31.7,25.2,4.18,571.0,229.0,184.0
2024-07-01T19:00:00,20240701190000,31.6,23.9,2.69,523.0,0.0,0.0
2024-07-01T19:10:00,20240701191000,31.5,23.1,3.03,459.0,0.0,0.0
2024-07-01T19:20:00,20240701192000,31.4,22.3,2.61,342.0,0.0,0.0
2024-07-01T19:30:00,20240701193000,31.3,21.5,2.61,226.0,0.0,0.0
2024-07-01T19:40:00,20240701194000,31.2,21.0,2.84,118.0,0.0,0.0
2024-07-01T19:50:00,20240701195000,31.1,20.6,2.27,43.1,0.0,0.0
2024-07-01T20:00:00,20240701200000,31.0,20.3,4.67,12.8,0.0,0.0
2024-07-01T20:10:00,20240701201000,30.9,20.5,5.28,4.94,0.0,0.0
2024-07-01T20:20:00,20240701202000,30.8,21.1,5.03,4.16,0.0,0.0
2024-07-01T20:30:00,20240701203000,30.7,21.1,5.26,1.98,0.0,0.0
2024-07-01T20:40:00,20240701204000,30.6,20.9,5.21,1.98,0.0,0.0
2024-07-01T20:50:00,20240701205000,30.5,20.8,4.89,2.28,0.0,0.0
2024-07-01T21:00:00,20240701210000,30.4,20.6,4.82,3.95,0.0,0.0
2024-07-01T21:10:00,20240701211000,30.3,20.5,5.46,3.95,0.0,0.0
2024-07-01T21:20:00,20240701212000,30.2,20.5,5.06,3.85,0.0,0.0
2024-07-01T21:30:00,20240701213000,30.1,20.5,4.93,3.26,0.0,0.0
2024-07-01T21:40:00,20240701214000,30.0,20.5,4.8,3.26,0.0,0.0
2024-07-01T21:50:00,20240701215000,29.9,20.5,4.68,3.19,0.0,0.0
2024-07-01T22:00:00,20240701220000,29.8,20.5,5.3,2.74,0.0,0.0
2024-07-01T22:10:00,20240701221000,29.7,20.5,5.18,2.74,0.0,0.0
2024-07-01T22:20:00,20240701222000,29.6,20.5,4.99,2.76,0.0,0.0
2024-07-01T22:30:00,20240701223000,29.5,20.5,4.97,3.1,0.0,0.0
2024-07-01T22:40:00,20240701224000,29.4,20.5,4.95,3.1,0.0,0.0
2024-07-01T22:50:00,20240701225000,29.4,20.5,4.94,3.06,0.0,0.0
2024-07-01T23:00:00,20240701230000,29.3,20.5,4.92,2.35,0.0,0.0
2024-07-01T23:10:00,20240701231000,29.3,20.5,4.95,2.35,0.0,0.0
2024-07-01T23:20:00,20240701232000,29.2,20.5,5.54,2.34,0.0,0.0
2024-07-01T23:30:00,20240701233000,29.2,20.6,5.45,2.18,0.0,0.0
2024-07-01T23:40:00,20240701234000,29.1,20.6,5.2,2.18,0.0,0.0
2024-07-01T23:50:00,20240701235000,29.1,20.7,5.08,2.24,0.0,0.0
2024-07-02T00:00:00,20240702000000,29.0,20.7,5.05,3.36,0.0,0.0
