Time,sanitized_timestamp_for_iri,s4MMET.POAInsol1.mag.f
2024-06-26T15:30:00,20240626153000,644.0
2024-06-26T15:40:00,20240626154000,606.0
2024-06-26T15:50:00,20240626155000,574.0
2024-06-26T16:00:00,20240626160000,543.0
2024-06-26T16:10:00,20240626161000,496.0
2024-06-26T16:20:00,20240626162000,466.0
2024-06-26T16:30:00,20240626163000,421.0
2024-06-26T16:40:00,20240626164000,376.0
2024-06-26T16:50:00,20240626165000,349.0
2024-06-26T17:00:00,20240626170000,319.0
2024-06-26T17:10:00,20240626171000,288.0
2024-06-26T17:20:00,20240626172000,255.0
2024-06-26T17:30:00,20240626173000,221.0
2024-06-26T17:40:00,20240626174000,186.0
2024-06-26T17:50:00,20240626175000,152.0
2024-06-26T18:00:00,20240626180000,124.0
2024-06-26T18:10:00,20240626181000,96.7
2024-06-26T18:20:00,20240626182000,70.2
2024-06-26T18:30:00,20240626183000,48.9
2024-06-26T18:40:00,20240626184000,37.9
2024-06-26T18:50:00,20240626185000,29.3
2024-06-26T19:00:00,20240626190000,21.1
2024-06-26T19:10:00,20240626191000,12.1
2024-06-26T19:20:00,20240626192000,6.52
2024-06-26T19:30:00,20240626193000,2.25
2024-06-26T19:40:00,20240626194000,0.597
2024-06-26T19:50:00,20240626195000,0.589
2024-06-26T20:00:00,20240626200000,0.557
2024-06-26T20:10:00,20240626201000,0.526
2024-06-26T20:20:00,20240626202000,0.61
2024-06-26T20:30:00,20240626203000,0.566
2024-06-26T20:40:00,20240626204000,0.476
2024-06-26T20:50:00,20240626205000,0.494
2024-06-26T21:00:00,20240626210000,0.503
2024-06-26T21:10:00,20240626211000,0.551
2024-06-26T21:20:00,20240626212000,0.473
2024-06-26T21:30:00,20240626213000,0.505
2024-06-26T21:40:00,20240626214000,0.527
2024-06-26T21:50:00,20240626215000,0.491
2024-06-26T22:00:00,20240626220000,0.552
2024-06-26T22:10:00,20240626221000,0.493
2024-06-26T22:20:00,20240626222000,0.59
2024-06-26T22:30:00,20240626223000,0.723
2024-06-26T22:40:00,20240626224000,0.555
2024-06-26T22:50:00,20240626225000,0.431
2024-06-26T23:00:00,20240626230000,0.623
2024-06-26T23:10:00,20240626231000,0.434
2024-06-26T23:20:00,20240626232000,0.429
2024-06-26T23:30:00,20240626233000,0.592
2024-06-26T23:40:00,20240626234000,0.478
2024-06-26T23:50:00,20240626235000,0.474
2024-06-27T00:00:00,20240627000000,0.486
2024-06-27T00:10:00,20240627001000,0.538
2024-06-27T00:20:00,20240627002000,0.586
2024-06-27T00:30:00,20240627003000,0.545
2024-06-27T00:40:00,20240627004000,0.469
2024-06-27T00:50:00,20240627005000,0.493
2024-06-27T01:00:00,20240627010000,0.46
2024-06-27T01:10:00,20240627011000,0.395
2024-06-27T01:20:00,20240627012000,0.346
2024-06-27T01:30:00,20240627013000,0.565
2024-06-27T01:40:00,20240627014000,0.369
2024-06-27T01:50:00,20240627015000,0.511
2024-06-27T02:00:00,20240627020000,0.55
2024-06-27T02:10:00,20240627021000,0.606
2024-06-27T02:20:00,20240627022000,0.464
2024-06-27T02:30:00,20240627023000,0.572
2024-06-27T02:40:00,20240627024000,0.399
2024-06-27T02:50:00,20240627025000,0.343
2024-06-27T03:00:00,20240627030000,0.48
2024-06-27T03:10:00,20240627031000,0.53
2024-06-27T03:20:00,20240627032000,0.443
2024-06-27T03:30:00,20240627033000,0.458
2024-06-27T03:40:00,20240627034000,0.588
2024-06-27T03:50:00,20240627035000,0.628
2024-06-27T04:00:00,20240627040000,0.42
2024-06-27T04:10:00,20240627041000,1.01
2024-06-27T04:20:00,20240627042000,4.6
2024-06-27T04:30:00,20240627043000,8.89
2024-06-27T04:40:00,20240627044000,14.0
2024-06-27T04:50:00,20240627045000,24.3
2024-06-27T05:00:00,20240627050000,35.2
2024-06-27T05:10:00,20240627051000,46.8
2024-06-27T05:20:00,20240627052000,56.0
2024-06-27T05:30:00,20240627053000,63.9
2024-06-27T05:40:00,20240627054000,79.4
2024-06-27T05:50:00,20240627055000,100.0
2024-06-27T06:00:00,20240627060000,125.0
2024-06-27T06:10:00,20240627061000,151.0
2024-06-27T06:20:00,20240627062000,178.0
2024-06-27T06:30:00,20240627063000,202.0
2024-06-27T06:40:00,20240627064000,235.0
2024-06-27T06:50:00,20240627065000,269.0
2024-06-27T07:00:00,20240627070000,302.0
2024-06-27T07:10:00,20240627071000,340.0
2024-06-27T07:20:00,20240627072000,376.0
2024-06-27T07:30:00,20240627073000,414.0
2024-06-27T07:40:00,20240627074000,453.0
2024-06-27T07:50:00,20240627075000,493.0
2024-06-27T08:00:00,20240627080000,533.0
2024-06-27T08:10:00,20240627081000,565.0
2024-06-27T08:20:00,20240627082000,599.0
2024-06-27T08:30:00,20240627083000,629.0
2024-06-27T08:40:00,20240627084000,661.0
2024-06-27T08:50:00,20240627085000,686.0
2024-06-27T09:00:00,20240627090000,706.0
2024-06-27T09:10:00,20240627091000,740.0
2024-06-27T09:20:00,20240627092000,761.0
2024-06-27T09:30:00,20240627093000,779.0
2024-06-27T09:40:00,20240627094000,805.0
2024-06-27T09:50:00,20240627095000,827.0
2024-06-27T10:00:00,20240627100000,843.0
2024-06-27T10:10:00,20240627101000,867.0
2024-06-27T10:20:00,20240627102000,880.0
2024-06-27T10:30:00,20240627103000,899.0
2024-06-27T10:40:00,20240627104000,909.0
2024-06-27T10:50:00,20240627105000,917.0
2024-06-27T11:00:00,20240627110000,925.0
2024-06-27T11:10:00,20240627111000,942.0
2024-06-27T11:20:00,20240627112000,948.0
2024-06-27T11:30:00,20240627113000,955.0
2024-06-27T11:40:00,20240627114000,958.0
2024-06-27T11:50:00,20240627115000,962.0
2024-06-27T12:00:00,20240627120000,964.0
2024-06-27T12:10:00,20240627121000,962.0
2024-06-27T12:20:00,20240627122000,960.0
2024-06-27T12:30:00,20240627123000,955.0
2024-06-27T12:40:00,20240627124000,950.0
2024-06-27T12:50:00,20240627125000,937.0
2024-06-27T13:00:00,20240627130000,938.0
2024-06-27T13:10:00,20240627131000,926.0
2024-06-27T13:20:00,20240627132000,903.0
2024-06-27T13:30:00,20240627133000,913.0
2024-06-27T13:40:00,20240627134000,888.0
2024-06-27T13:50:00,20240627135000,853.0
2024-06-27T14:00:00,20240627140000,797.0
2024-06-27T14:10:00,20240627141000,793.0
2024-06-27T14:20:00,20240627142000,783.0
2024-06-27T14:30:00,20240627143000,781.0
2024-06-27T14:40:00,20240627144000,727.0
2024-06-27T14:50:00,20240627145000,693.0
2024-06-27T15:00:00,20240627150000,691.0
2024-06-27T15:10:00,20240627151000,636.0
2024-06-27T15:20:00,20240627152000,594.0
2024-06-27T15:30:00,20240627153000,583.0
2024-06-27T15:40:00,20240627154000,539.0
2024-06-27T15:50:00,20240627155000,515.0
2024-06-27T16:00:00,20240627160000,481.0
2024-06-27T16:10:00,20240627161000,453.0
2024-06-27T16:20:00,20240627162000,314.0
2024-06-27T16:30:00,20240627163000,229.0
2024-06-27T16:40:00,20240627164000,232.0
2024-06-27T16:50:00,20240627165000,290.0
2024-06-27T17:00:00,20240627170000,349.0
2024-06-27T17:10:00,20240627171000,332.0
2024-06-27T17:20:00,20240627172000,251.0
2024-06-27T17:30:00,20240627173000,178.0
2024-06-27T17:40:00,20240627174000,118.0
2024-06-27T17:50:00,20240627175000,86.8
2024-06-27T18:00:00,20240627180000,93.5
2024-06-27T18:10:00,20240627181000,106.0
2024-06-27T18:20:00,20240627182000,89.3
2024-06-27T18:30:00,20240627183000,61.3
2024-06-27T18:40:00,20240627184000,44.1
2024-06-27T18:50:00,20240627185000,33.0
2024-06-27T19:00:00,20240627190000,29.7
2024-06-27T19:10:00,20240627191000,28.5
2024-06-27T19:20:00,20240627192000,32.8
2024-06-27T19:30:00,20240627193000,21.4
2024-06-27T19:40:00,20240627194000,1.87
2024-06-27T19:50:00,20240627195000,0.565
2024-06-27T20:00:00,20240627200000,0.546
2024-06-27T20:10:00,20240627201000,0.549
2024-06-27T20:20:00,20240627202000,0.481
2024-06-27T20:30:00,20240627203000,0.483
2024-06-27T20:40:00,20240627204000,0.565
2024-06-27T20:50:00,20240627205000,0.515
2024-06-27T21:00:00,20240627210000,0.597
2024-06-27T21:10:00,20240627211000,0.447
2024-06-27T21:20:00,20240627212000,0.45
2024-06-27T21:30:00,20240627213000,0.609
2024-06-27T21:40:00,20240627214000,0.429
2024-06-27T21:50:00,20240627215000,0.523
2024-06-27T22:00:00,20240627220000,0.413
2024-06-27T22:10:00,20240627221000,0.506
2024-06-27T22:20:00,20240627222000,0.501
2024-06-27T22:30:00,20240627223000,0.589
2024-06-27T22:40:00,20240627224000,0.515
2024-06-27T22:50:00,20240627225000,0.339
2024-06-27T23:00:00,20240627230000,0.639
2024-06-27T23:10:00,20240627231000,0.413
2024-06-27T23:20:00,20240627232000,0.437
2024-06-27T23:30:00,20240627233000,0.514
2024-06-27T23:40:00,20240627234000,0.346
2024-06-27T23:50:00,20240627235000,0.581
2024-06-28T00:00:00,20240628000000,0.482
2024-06-28T00:10:00,20240628001000,0.517
2024-06-28T00:20:00,20240628002000,0.437
2024-06-28T00:30:00,20240628003000,0.547
2024-06-28T00:40:00,20240628004000,0.63
2024-06-28T00:50:00,20240628005000,0.465
2024-06-28T01:00:00,20240628010000,0.551
2024-06-28T01:10:00,20240628011000,0.364
2024-06-28T01:20:00,20240628012000,0.632
2024-06-28T01:30:00,20240628013000,0.43
2024-06-28T01:40:00,20240628014000,0.467
2024-06-28T01:50:00,20240628015000,0.528
2024-06-28T02:00:00,20240628020000,0.429
2024-06-28T02:10:00,20240628021000,0.407
2024-06-28T02:20:00,20240628022000,0.568
2024-06-28T02:30:00,20240628023000,0.467
2024-06-28T02:40:00,20240628024000,0.568
2024-06-28T02:50:00,20240628025000,0.568
2024-06-28T03:00:00,20240628030000,0.55
2024-06-28T03:10:00,20240628031000,0.357
2024-06-28T03:20:00,20240628032000,0.526
2024-06-28T03:30:00,20240628033000,1.92
2024-06-28T03:40:00,20240628034000,0.808
2024-06-28T03:50:00,20240628035000,0.534
2024-06-28T04:00:00,20240628040000,0.485
2024-06-28T04:10:00,20240628041000,0.827
2024-06-28T04:20:00,20240628042000,3.87
2024-06-28T04:30:00,20240628043000,9.93
2024-06-28T04:40:00,20240628044000,19.2
2024-06-28T04:50:00,20240628045000,32.9
2024-06-28T05:00:00,20240628050000,44.0
2024-06-28T05:10:00,20240628051000,51.6
2024-06-28T05:20:00,20240628052000,56.4
2024-06-28T05:30:00,20240628053000,52.1
2024-06-28T05:40:00,20240628054000,69.3
2024-06-28T05:50:00,20240628055000,98.1
2024-06-28T06:00:00,20240628060000,138.0
2024-06-28T06:10:00,20240628061000,156.0
2024-06-28T06:20:00,20240628062000,155.0
2024-06-28T06:30:00,20240628063000,197.0
2024-06-28T06:40:00,20240628064000,227.0
2024-06-28T06:50:00,20240628065000,256.0
2024-06-28T07:00:00,20240628070000,271.0
2024-06-28T07:10:00,20240628071000,326.0
2024-06-28T07:20:00,20240628072000,362.0
2024-06-28T07:30:00,20240628073000,401.0
2024-06-28T07:40:00,20240628074000,439.0
2024-06-28T07:50:00,20240628075000,475.0
2024-06-28T08:00:00,20240628080000,514.0
2024-06-28T08:10:00,20240628081000,551.0
2024-06-28T08:20:00,20240628082000,590.0
2024-06-28T08:30:00,20240628083000,624.0
2024-06-28T08:40:00,20240628084000,655.0
2024-06-28T08:50:00,20240628085000,683.0
2024-06-28T09:00:00,20240628090000,720.0
2024-06-28T09:10:00,20240628091000,748.0
2024-06-28T09:20:00,20240628092000,782.0
2024-06-28T09:30:00,20240628093000,798.0
2024-06-28T09:40:00,20240628094000,827.0
2024-06-28T09:50:00,20240628095000,844.0
2024-06-28T10:00:00,20240628100000,869.0
2024-06-28T10:10:00,20240628101000,887.0
2024-06-28T10:20:00,20240628102000,910.0
2024-06-28T10:30:00,20240628103000,916.0
2024-06-28T10:40:00,20240628104000,924.0
2024-06-28T10:50:00,20240628105000,924.0
2024-06-28T11:00:00,20240628110000,938.0
2024-06-28T11:10:00,20240628111000,957.0
2024-06-28T11:20:00,20240628112000,965.0
2024-06-28T11:30:00,20240628113000,969.0
2024-06-28T11:40:00,20240628114000,971.0
2024-06-28T11:50:00,20240628115000,957.0
2024-06-28T12:00:00,20240628120000,969.0
2024-06-28T12:10:00,20240628121000,970.0
2024-06-28T12:20:00,20240628122000,967.0
2024-06-28T12:30:00,20240628123000,936.0
2024-06-28T12:40:00,20240628124000,896.0
2024-06-28T12:50:00,20240628125000,905.0
2024-06-28T13:00:00,20240628130000,886.0
2024-06-28T13:10:00,20240628131000,863.0
2024-06-28T13:20:00,20240628132000,875.0
2024-06-28T13:30:00,20240628133000,834.0
2024-06-28T13:40:00,20240628134000,830.0
2024-06-28T13:50:00,20240628135000,819.0
2024-06-28T14:00:00,20240628140000,801.0
2024-06-28T14:10:00,20240628141000,787.0
2024-06-28T14:20:00,20240628142000,769.0
2024-06-28T14:30:00,20240628143000,750.0
2024-06-28T14:40:00,20240628144000,723.0
2024-06-28T14:50:00,20240628145000,698.0
2024-06-28T15:00:00,20240628150000,676.0
2024-06-28T15:10:00,20240628151000,646.0
2024-06-28T15:20:00,20240628152000,603.0
2024-06-28T15:30:00,20240628153000,563.0
2024-06-28T15:40:00,20240628154000,539.0
2024-06-28T15:50:00,20240628155000,497.0
2024-06-28T16:00:00,20240628160000,455.0
2024-06-28T16:10:00,20240628161000,418.0
2024-06-28T16:20:00,20240628162000,375.0
2024-06-28T16:30:00,20240628163000,378.0
2024-06-28T16:40:00,20240628164000,357.0
2024-06-28T16:50:00,20240628165000,325.0
2024-06-28T17:00:00,20240628170000,294.0
2024-06-28T17:10:00,20240628171000,264.0
2024-06-28T17:20:00,20240628172000,228.0
2024-06-28T17:30:00,20240628173000,166.0
2024-06-28T17:40:00,20240628174000,133.0
2024-06-28T17:50:00,20240628175000,132.0
2024-06-28T18:00:00,20240628180000,122.0
2024-06-28T18:10:00,20240628181000,105.0
2024-06-28T18:20:00,20240628182000,86.4
2024-06-28T18:30:00,20240628183000,71.4
2024-06-28T18:40:00,20240628184000,62.2
2024-06-28T18:50:00,20240628185000,46.4
2024-06-28T19:00:00,20240628190000,28.5
2024-06-28T19:10:00,20240628191000,15.6
2024-06-28T19:20:00,20240628192000,8.2
2024-06-28T19:30:00,20240628193000,2.59
2024-06-28T19:40:00,20240628194000,0.665
2024-06-28T19:50:00,20240628195000,0.474
2024-06-28T20:00:00,20240628200000,0.564
2024-06-28T20:10:00,20240628201000,0.668
2024-06-28T20:20:00,20240628202000,0.556
2024-06-28T20:30:00,20240628203000,0.482
2024-06-28T20:40:00,20240628204000,0.633
2024-06-28T20:50:00,20240628205000,0.434
2024-06-28T21:00:00,20240628210000,0.444
2024-06-28T21:10:00,20240628211000,0.47
2024-06-28T21:20:00,20240628212000,0.435
2024-06-28T21:30:00,20240628213000,0.711
2024-06-28T21:40:00,20240628214000,0.54
2024-06-28T21:50:00,20240628215000,0.564
2024-06-28T22:00:00,20240628220000,0.58
2024-06-28T22:10:00,20240628221000,0.533
2024-06-28T22:20:00,20240628222000,0.484
2024-06-28T22:30:00,20240628223000,0.357
2024-06-28T22:40:00,20240628224000,0.559
2024-06-28T22:50:00,20240628225000,0.456
2024-06-28T23:00:00,20240628230000,0.35
2024-06-28T23:10:00,20240628231000,0.533
2024-06-28T23:20:00,20240628232000,0.424
2024-06-28T23:30:00,20240628233000,0.39
2024-06-28T23:40:00,20240628234000,0.475
2024-06-28T23:50:00,20240628235000,0.409
2024-06-29T00:00:00,20240629000000,0.641
2024-06-29T00:10:00,20240629001000,0.473
2024-06-29T00:20:00,20240629002000,0.471
2024-06-29T00:30:00,20240629003000,0.601
2024-06-29T00:40:00,20240629004000,0.5
2024-06-29T00:50:00,20240629005000,0.401
2024-06-29T01:00:00,20240629010000,0.577
2024-06-29T01:10:00,20240629011000,0.466
2024-06-29T01:20:00,20240629012000,0.317
2024-06-29T01:30:00,20240629013000,0.597
2024-06-29T01:40:00,20240629014000,0.551
2024-06-29T01:50:00,20240629015000,0.672
2024-06-29T02:00:00,20240629020000,0.636
2024-06-29T02:10:00,20240629021000,0.455
2024-06-29T02:20:00,20240629022000,0.56
2024-06-29T02:30:00,20240629023000,0.504
2024-06-29T02:40:00,20240629024000,0.502
2024-06-29T02:50:00,20240629025000,0.441
2024-06-29T03:00:00,20240629030000,0.496
2024-06-29T03:10:00,20240629031000,0.434
2024-06-29T03:20:00,20240629032000,0.452
2024-06-29T03:30:00,20240629033000,0.441
2024-06-29T03:40:00,20240629034000,0.469
2024-06-29T03:50:00,20240629035000,0.504
2024-06-29T04:00:00,20240629040000,0.489
2024-06-29T04:10:00,20240629041000,0.487
2024-06-29T04:20:00,20240629042000,1.08
2024-06-29T04:30:00,20240629043000,2.72
2024-06-29T04:40:00,20240629044000,7.28
2024-06-29T04:50:00,20240629045000,14.6
2024-06-29T05:00:00,20240629050000,23.2
2024-06-29T05:10:00,20240629051000,32.3
2024-06-29T05:20:00,20240629052000,61.3
2024-06-29T05:30:00,20240629053000,85.8
2024-06-29T05:40:00,20240629054000,56.4
2024-06-29T05:50:00,20240629055000,45.1
2024-06-29T06:00:00,20240629060000,45.8
2024-06-29T06:10:00,20240629061000,56.7
2024-06-29T06:20:00,20240629062000,37.2
2024-06-29T06:30:00,20240629063000,17.8
2024-06-29T06:40:00,20240629064000,14.8
2024-06-29T06:50:00,20240629065000,17.6
2024-06-29T07:00:00,20240629070000,19.4
2024-06-29T07:10:00,20240629071000,53.8
2024-06-29T07:20:00,20240629072000,65.0
2024-06-29T07:30:00,20240629073000,39.3
2024-06-29T07:40:00,20240629074000,38.9
2024-06-29T07:50:00,20240629075000,33.3
2024-06-29T08:00:00,20240629080000,31.8
2024-06-29T08:10:00,20240629081000,33.1
2024-06-29T08:20:00,20240629082000,22.6
2024-06-29T08:30:00,20240629083000,37.3
2024-06-29T08:40:00,20240629084000,31.1
2024-06-29T08:50:00,20240629085000,37.9
2024-06-29T09:00:00,20240629090000,40.9
2024-06-29T09:10:00,20240629091000,46.1
2024-06-29T09:20:00,20240629092000,51.4
2024-06-29T09:30:00,20240629093000,47.9
2024-06-29T09:40:00,20240629094000,57.2
2024-06-29T09:50:00,20240629095000,36.0
2024-06-29T10:00:00,20240629100000,36.7
2024-06-29T10:10:00,20240629101000,32.5
2024-06-29T10:20:00,20240629102000,31.7
2024-06-29T10:30:00,20240629103000,40.1
2024-06-29T10:40:00,20240629104000,53.1
2024-06-29T10:50:00,20240629105000,43.6
2024-06-29T11:00:00,20240629110000,37.2
2024-06-29T11:10:00,20240629111000,53.6
2024-06-29T11:20:00,20240629112000,115.0
2024-06-29T11:30:00,20240629113000,163.0
2024-06-29T11:40:00,20240629114000,288.0
2024-06-29T11:50:00,20240629115000,275.0
2024-06-29T12:00:00,20240629120000,125.0
2024-06-29T12:10:00,20240629121000,42.9
2024-06-29T12:20:00,20240629122000,57.6
2024-06-29T12:30:00,20240629123000,664.0
2024-06-29T12:40:00,20240629124000,563.0
2024-06-29T12:50:00,20240629125000,880.0
2024-06-29T13:00:00,20240629130000,1062.0
2024-06-29T13:10:00,20240629131000,1005.0
2024-06-29T13:20:00,20240629132000,1006.0
2024-06-29T13:30:00,20240629133000,1122.0
2024-06-29T13:40:00,20240629134000,630.0
2024-06-29T13:50:00,20240629135000,89.0
2024-06-29T14:00:00,20240629140000,19.4
2024-06-29T14:10:00,20240629141000,89.5
2024-06-29T14:20:00,20240629142000,205.0
2024-06-29T14:30:00,20240629143000,268.0
2024-06-29T14:40:00,20240629144000,486.0
2024-06-29T14:50:00,20240629145000,531.0
2024-06-29T15:00:00,20240629150000,775.0
2024-06-29T15:10:00,20240629151000,749.0
2024-06-29T15:20:00,20240629152000,750.0
2024-06-29T15:30:00,20240629153000,737.0
2024-06-29T15:40:00,20240629154000,692.0
2024-06-29T15:50:00,20240629155000,263.0
2024-06-29T16:00:00,20240629160000,181.0
2024-06-29T16:10:00,20240629161000,150.0
2024-06-29T16:20:00,20240629162000,385.0
2024-06-29T16:30:00,20240629163000,445.0
2024-06-29T16:40:00,20240629164000,426.0
2024-06-29T16:50:00,20240629165000,387.0
2024-06-29T17:00:00,20240629170000,363.0
2024-06-29T17:10:00,20240629171000,297.0
2024-06-29T17:20:00,20240629172000,297.0
2024-06-29T17:30:00,20240629173000,305.0
2024-06-29T17:40:00,20240629174000,246.0
2024-06-29T17:50:00,20240629175000,199.0
2024-06-29T18:00:00,20240629180000,121.0
2024-06-29T18:10:00,20240629181000,86.3
2024-06-29T18:20:00,20240629182000,56.9
2024-06-29T18:30:00,20240629183000,48.8
2024-06-29T18:40:00,20240629184000,34.1
2024-06-29T18:50:00,20240629185000,30.7
2024-06-29T19:00:00,20240629190000,23.7
2024-06-29T19:10:00,20240629191000,22.8
2024-06-29T19:20:00,20240629192000,15.5
2024-06-29T19:30:00,20240629193000,7.87
2024-06-29T19:40:00,20240629194000,1.19
2024-06-29T19:50:00,20240629195000,0.599
2024-06-29T20:00:00,20240629200000,0.491
2024-06-29T20:10:00,20240629201000,0.539
2024-06-29T20:20:00,20240629202000,0.49
2024-06-29T20:30:00,20240629203000,0.385
2024-06-29T20:40:00,20240629204000,0.531
2024-06-29T20:50:00,20240629205000,0.524
2024-06-29T21:00:00,20240629210000,0.548
2024-06-29T21:10:00,20240629211000,0.482
2024-06-29T21:20:00,20240629212000,0.303
2024-06-29T21:30:00,20240629213000,0.376
2024-06-29T21:40:00,20240629214000,0.43
2024-06-29T21:50:00,20240629215000,0.405
2024-06-29T22:00:00,20240629220000,0.466
2024-06-29T22:10:00,20240629221000,0.504
2024-06-29T22:20:00,20240629222000,0.42
2024-06-29T22:30:00,20240629223000,0.563
2024-06-29T22:40:00,20240629224000,0.664
2024-06-29T22:50:00,20240629225000,0.487
2024-06-29T23:00:00,20240629230000,0.493
2024-06-29T23:10:00,20240629231000,0.459
2024-06-29T23:20:00,20240629232000,0.405
2024-06-29T23:30:00,20240629233000,0.487
2024-06-29T23:40:00,20240629234000,0.5
2024-06-29T23:50:00,20240629235000,0.47
2024-06-30T00:00:00,20240630000000,0.333
2024-06-30T00:10:00,20240630001000,0.462
2024-06-30T00:20:00,20240630002000,0.443
2024-06-30T00:30:00,20240630003000,0.406
2024-06-30T00:40:00,20240630004000,0.326
2024-06-30T00:50:00,20240630005000,0.504
2024-06-30T01:00:00,20240630010000,0.374
2024-06-30T01:10:00,20240630011000,0.52
2024-06-30T01:20:00,20240630012000,0.526
2024-06-30T01:30:00,20240630013000,0.455
2024-06-30T01:40:00,20240630014000,0.345
2024-06-30T01:50:00,20240630015000,0.32
2024-06-30T02:00:00,20240630020000,0.453
2024-06-30T02:10:00,20240630021000,0.418
2024-06-30T02:20:00,20240630022000,0.259
2024-06-30T02:30:00,20240630023000,0.396
2024-06-30T02:40:00,20240630024000,0.45
2024-06-30T02:50:00,20240630025000,0.481
2024-06-30T03:00:00,20240630030000,0.407
2024-06-30T03:10:00,20240630031000,0.494
2024-06-30T03:20:00,20240630032000,0.395
2024-06-30T03:30:00,20240630033000,0.506
2024-06-30T03:40:00,20240630034000,0.333
2024-06-30T03:50:00,20240630035000,0.431
2024-06-30T04:00:00,20240630040000,0.341
2024-06-30T04:10:00,20240630041000,1.52
2024-06-30T04:20:00,20240630042000,7.64
2024-06-30T04:30:00,20240630043000,15.4
2024-06-30T04:40:00,20240630044000,24.4
2024-06-30T04:50:00,20240630045000,30.6
2024-06-30T05:00:00,20240630050000,30.2
2024-06-30T05:10:00,20240630051000,38.5
2024-06-30T05:20:00,20240630052000,49.9
2024-06-30T05:30:00,20240630053000,59.1
2024-06-30T05:40:00,20240630054000,74.7
2024-06-30T05:50:00,20240630055000,101.0
2024-06-30T06:00:00,20240630060000,129.0
2024-06-30T06:10:00,20240630061000,158.0
2024-06-30T06:20:00,20240630062000,187.0
2024-06-30T06:30:00,20240630063000,219.0
2024-06-30T06:40:00,20240630064000,248.0
2024-06-30T06:50:00,20240630065000,288.0
2024-06-30T07:00:00,20240630070000,325.0
2024-06-30T07:10:00,20240630071000,365.0
2024-06-30T07:20:00,20240630072000,406.0
2024-06-30T07:30:00,20240630073000,445.0
2024-06-30T07:40:00,20240630074000,481.0
2024-06-30T07:50:00,20240630075000,518.0
2024-06-30T08:00:00,20240630080000,555.0
2024-06-30T08:10:00,20240630081000,588.0
2024-06-30T08:20:00,20240630082000,620.0
2024-06-30T08:30:00,20240630083000,657.0
2024-06-30T08:40:00,20240630084000,687.0
2024-06-30T08:50:00,20240630085000,716.0
2024-06-30T09:00:00,20240630090000,749.0
2024-06-30T09:10:00,20240630091000,773.0
2024-06-30T09:20:00,20240630092000,805.0
2024-06-30T09:30:00,20240630093000,835.0
2024-06-30T09:40:00,20240630094000,857.0
2024-06-30T09:50:00,20240630095000,886.0
2024-06-30T10:00:00,20240630100000,906.0
2024-06-30T10:10:00,20240630101000,923.0
2024-06-30T10:20:00,20240630102000,939.0
2024-06-30T10:30:00,20240630103000,933.0
2024-06-30T10:40:00,20240630104000,918.0
2024-06-30T10:50:00,20240630105000,820.0
2024-06-30T11:00:00,20240630110000,913.0
2024-06-30T11:10:00,20240630111000,695.0
2024-06-30T11:20:00,20240630112000,584.0
2024-06-30T11:30:00,20240630113000,629.0
2024-06-30T11:40:00,20240630114000,549.0
2024-06-30T11:50:00,20240630115000,633.0
2024-06-30T12:00:00,20240630120000,531.0
2024-06-30T12:10:00,20240630121000,506.0
2024-06-30T12:20:00,20240630122000,505.0
2024-06-30T12:30:00,20240630123000,645.0
2024-06-30T12:40:00,20240630124000,540.0
2024-06-30T12:50:00,20240630125000,429.0
2024-06-30T13:00:00,20240630130000,536.0
2024-06-30T13:10:00,20240630131000,667.0
2024-06-30T13:20:00,20240630132000,659.0
2024-06-30T13:30:00,20240630133000,548.0
2024-06-30T13:40:00,20240630134000,477.0
2024-06-30T13:50:00,20240630135000,713.0
2024-06-30T14:00:00,20240630140000,373.0
2024-06-30T14:10:00,20240630141000,630.0
2024-06-30T14:20:00,20240630142000,532.0
2024-06-30T14:30:00,20240630143000,615.0
2024-06-30T14:40:00,20240630144000,529.0
2024-06-30T14:50:00,20240630145000,586.0
2024-06-30T15:00:00,20240630150000,612.0
2024-06-30T15:10:00,20240630151000,667.0
2024-06-30T15:20:00,20240630152000,438.0
2024-06-30T15:30:00,20240630153000,398.0
2024-06-30T15:40:00,20240630154000,355.0
2024-06-30T15:50:00,20240630155000,411.0
2024-06-30T16:00:00,20240630160000,281.0
2024-06-30T16:10:00,20240630161000,242.0
2024-06-30T16:20:00,20240630162000,216.0
2024-06-30T16:30:00,20240630163000,317.0
2024-06-30T16:40:00,20240630164000,404.0
2024-06-30T16:50:00,20240630165000,368.0
2024-06-30T17:00:00,20240630170000,372.0
2024-06-30T17:10:00,20240630171000,302.0
2024-06-30T17:20:00,20240630172000,294.0
2024-06-30T17:30:00,20240630173000,211.0
2024-06-30T17:40:00,20240630174000,162.0
2024-06-30T17:50:00,20240630175000,152.0
2024-06-30T18:00:00,20240630180000,143.0
2024-06-30T18:10:00,20240630181000,126.0
2024-06-30T18:20:00,20240630182000,88.7
2024-06-30T18:30:00,20240630183000,80.8
2024-06-30T18:40:00,20240630184000,61.2
2024-06-30T18:50:00,20240630185000,40.0
2024-06-30T19:00:00,20240630190000,26.4
2024-06-30T19:10:00,20240630191000,16.9
2024-06-30T19:20:00,20240630192000,8.72
2024-06-30T19:30:00,20240630193000,2.85
2024-06-30T19:40:00,20240630194000,0.561
2024-06-30T19:50:00,20240630195000,0.548
2024-06-30T20:00:00,20240630200000,0.425
2024-06-30T20:10:00,20240630201000,0.593
2024-06-30T20:20:00,20240630202000,0.383
2024-06-30T20:30:00,20240630203000,0.52
2024-06-30T20:40:00,20240630204000,0.487
2024-06-30T20:50:00,20240630205000,0.508
2024-06-30T21:00:00,20240630210000,0.512
2024-06-30T21:10:00,20240630211000,0.462
2024-06-30T21:20:00,20240630212000,0.421
2024-06-30T21:30:00,20240630213000,0.574
2024-06-30T21:40:00,20240630214000,0.603
2024-06-30T21:50:00,20240630215000,0.442
2024-06-30T22:00:00,20240630220000,0.452
2024-06-30T22:10:00,20240630221000,0.691
2024-06-30T22:20:00,20240630222000,0.534
2024-06-30T22:30:00,20240630223000,0.472
2024-06-30T22:40:00,20240630224000,0.538
2024-06-30T22:50:00,20240630225000,0.553
2024-06-30T23:00:00,20240630230000,0.463
2024-06-30T23:10:00,20240630231000,0.408
2024-06-30T23:20:00,20240630232000,0.41
2024-06-30T23:30:00,20240630233000,0.543
2024-06-30T23:40:00,20240630234000,0.471
2024-06-30T23:50:00,20240630235000,0.498
2024-07-01T00:00:00,20240701000000,0.507
2024-07-01T00:10:00,20240701001000,0.557
2024-07-01T00:20:00,20240701002000,0.332
2024-07-01T00:30:00,20240701003000,0.579
2024-07-01T00:40:00,20240701004000,0.402
2024-07-01T00:50:00,20240701005000,0.425
2024-07-01T01:00:00,20240701010000,0.474
2024-07-01T01:10:00,20240701011000,0.436
2024-07-01T01:20:00,20240701012000,0.501
2024-07-01T01:30:00,20240701013000,0.442
2024-07-01T01:40:00,20240701014000,0.413
2024-07-01T01:50:00,20240701015000,0.545
2024-07-01T02:00:00,20240701020000,0.479
2024-07-01T02:10:00,20240701021000,0.358
2024-07-01T02:20:00,20240701022000,0.54
2024-07-01T02:30:00,20240701023000,0.368
2024-07-01T02:40:00,20240701024000,0.479
2024-07-01T02:50:00,20240701025000,0.43
2024-07-01T03:00:00,20240701030000,0.467
2024-07-01T03:10:00,20240701031000,0.535
2024-07-01T03:20:00,20240701032000,0.349
2024-07-01T03:30:00,20240701033000,0.457
2024-07-01T03:40:00,20240701034000,0.482
2024-07-01T03:50:00,20240701035000,0.427
2024-07-01T04:00:00,20240701040000,0.238
2024-07-01T04:10:00,20240701041000,0.38
2024-07-01T04:20:00,20240701042000,0.827
2024-07-01T04:30:00,20240701043000,4.04
2024-07-01T04:40:00,20240701044000,9.8
2024-07-01T04:50:00,20240701045000,17.6
2024-07-01T05:00:00,20240701050000,28.2
2024-07-01T05:10:00,20240701051000,37.0
2024-07-01T05:20:00,20240701052000,50.7
2024-07-01T05:30:00,20240701053000,69.2
2024-07-01T05:40:00,20240701054000,81.9
2024-07-01T05:50:00,20240701055000,90.3
2024-07-01T06:00:00,20240701060000,98.4
2024-07-01T06:10:00,20240701061000,107.0
2024-07-01T06:20:00,20240701062000,163.0
2024-07-01T06:30:00,20240701063000,227.0
2024-07-01T06:40:00,20240701064000,269.0
2024-07-01T06:50:00,20240701065000,322.0
2024-07-01T07:00:00,20240701070000,380.0
2024-07-01T07:10:00,20240701071000,292.0
2024-07-01T07:20:00,20240701072000,323.0
2024-07-01T07:30:00,20240701073000,309.0
2024-07-01T07:40:00,20240701074000,311.0
2024-07-01T07:50:00,20240701075000,375.0
2024-07-01T08:00:00,20240701080000,412.0
2024-07-01T08:10:00,20240701081000,399.0
2024-07-01T08:20:00,20240701082000,423.0
2024-07-01T08:30:00,20240701083000,531.0
2024-07-01T08:40:00,20240701084000,551.0
2024-07-01T08:50:00,20240701085000,587.0
2024-07-01T09:00:00,20240701090000,673.0
2024-07-01T09:10:00,20240701091000,661.0
2024-07-01T09:20:00,20240701092000,681.0
2024-07-01T09:30:00,20240701093000,693.0
2024-07-01T09:40:00,20240701094000,725.0
2024-07-01T09:50:00,20240701095000,671.0
2024-07-01T10:00:00,20240701100000,696.0
2024-07-01T10:10:00,20240701101000,701.0
2024-07-01T10:20:00,20240701102000,650.0
2024-07-01T10:30:00,20240701103000,585.0
2024-07-01T10:40:00,20240701104000,693.0
2024-07-01T10:50:00,20240701105000,717.0
2024-07-01T11:00:00,20240701110000,591.0
2024-07-01T11:10:00,20240701111000,684.0
2024-07-01T11:20:00,20240701112000,742.0
2024-07-01T11:30:00,20240701113000,938.0
2024-07-01T11:40:00,20240701114000,704.0
2024-07-01T11:50:00,20240701115000,819.0
2024-07-01T12:00:00,20240701120000,882.0
2024-07-01T12:10:00,20240701121000,789.0
2024-07-01T12:20:00,20240701122000,871.0
2024-07-01T12:30:00,20240701123000,931.0
2024-07-01T12:40:00,20240701124000,942.0
2024-07-01T12:50:00,20240701125000,950.0
2024-07-01T13:00:00,20240701130000,999.0
2024-07-01T13:10:00,20240701131000,802.0
2024-07-01T13:20:00,20240701132000,966.0
2024-07-01T13:30:00,20240701133000,937.0
2024-07-01T13:40:00,20240701134000,941.0
2024-07-01T13:50:00,20240701135000,932.0
2024-07-01T14:00:00,20240701140000,899.0
2024-07-01T14:10:00,20240701141000,905.0
2024-07-01T14:20:00,20240701142000,876.0
2024-07-01T14:30:00,20240701143000,860.0
2024-07-01T14:40:00,20240701144000,833.0
2024-07-01T14:50:00,20240701145000,801.0
2024-07-01T15:00:00,20240701150000,771.0
2024-07-01T15:10:00,20240701151000,740.0
2024-07-01T15:20:00,20240701152000,706.0
2024-07-01T15:30:00,20240701153000,675.0
2024-07-01T15:40:00,20240701154000,639.0
2024-07-01T15:50:00,20240701155000,594.0
2024-07-01T16:00:00,20240701160000,551.0
2024-07-01T16:10:00,20240701161000,512.0
2024-07-01T16:20:00,20240701162000,490.0
2024-07-01T16:30:00,20240701163000,456.0
2024-07-01T16:40:00,20240701164000,401.0
2024-07-01T16:50:00,20240701165000,372.0
2024-07-01T17:00:00,20240701170000,317.0
2024-07-01T17:10:00,20240701171000,235.0
2024-07-01T17:20:00,20240701172000,277.0
2024-07-01T17:30:00,20240701173000,224.0
2024-07-01T17:40:00,20240701174000,154.0
2024-07-01T17:50:00,20240701175000,146.0
2024-07-01T18:00:00,20240701180000,113.0
2024-07-01T18:10:00,20240701181000,86.9
2024-07-01T18:20:00,20240701182000,52.0
2024-07-01T18:30:00,20240701183000,37.2
2024-07-01T18:40:00,20240701184000,28.6
2024-07-01T18:50:00,20240701185000,23.9
2024-07-01T19:00:00,20240701190000,18.5
2024-07-01T19:10:00,20240701191000,13.9
2024-07-01T19:20:00,20240701192000,7.93
2024-07-01T19:30:00,20240701193000,3.2
2024-07-01T19:40:00,20240701194000,0.698
2024-07-01T19:50:00,20240701195000,0.46
2024-07-01T20:00:00,20240701200000,0.446
2024-07-01T20:10:00,20240701201000,0.504
2024-07-01T20:20:00,20240701202000,0.551
2024-07-01T20:30:00,20240701203000,0.355
2024-07-01T20:40:00,20240701204000,0.523
2024-07-01T20:50:00,20240701205000,0.343
2024-07-01T21:00:00,20240701210000,0.365
2024-07-01T21:10:00,20240701211000,0.371
2024-07-01T21:20:00,20240701212000,0.51
2024-07-01T21:30:00,20240701213000,0.426
2024-07-01T21:40:00,20240701214000,0.565
2024-07-01T21:50:00,20240701215000,0.452
2024-07-01T22:00:00,20240701220000,0.523
2024-07-01T22:10:00,20240701221000,0.44
2024-07-01T22:20:00,20240701222000,0.403
2024-07-01T22:30:00,20240701223000,0.501
2024-07-01T22:40:00,20240701224000,0.428
2024-07-01T22:50:00,20240701225000,0.45
2024-07-01T23:00:00,20240701230000,0.499
2024-07-01T23:10:00,20240701231000,0.409
2024-07-01T23:20:00,20240701232000,0.45
2024-07-01T23:30:00,20240701233000,0.445
2024-07-01T23:40:00,20240701234000,0.399
2024-07-01T23:50:00,20240701235000,0.466
2024-07-02T00:00:00,20240702000000,0.294
