Time,sanitized_timestamp_for_iri,s4MMXU.TotW.mag.f
2024-06-26T15:30:00,20240626153000,837143
2024-06-26T15:40:00,20240626154000,816368
2024-06-26T15:50:00,20240626155000,795593
2024-06-26T16:00:00,20240626160000,774818
2024-06-26T16:10:00,20240626161000,754043
2024-06-26T16:20:00,20240626162000,733269
2024-06-26T16:30:00,20240626163000,712494
2024-06-26T16:40:00,20240626164000,691719
2024-06-26T16:50:00,20240626165000,670944
2024-06-26T17:00:00,20240626170000,643856
2024-06-26T17:10:00,20240626171000,589197
2024-06-26T17:20:00,20240626172000,531317
2024-06-26T17:30:00,20240626173000,473437
2024-06-26T17:40:00,20240626174000,415557
2024-06-26T17:50:00,20240626175000,357677
2024-06-26T18:00:00,20240626180000,299797
2024-06-26T18:10:00,20240626181000,241917
2024-06-26T18:20:00,20240626182000,184037
2024-06-26T18:30:00,20240626183000,126157
2024-06-26T18:40:00,20240626184000,70621
2024-06-26T18:50:00,20240626185000,32568
2024-06-26T19:00:00,20240626190000,27346
2024-06-26T19:10:00,20240626191000,26483
2024-06-26T19:20:00,20240626192000,25274
2024-06-26T19:30:00,20240626193000,24066
2024-06-26T19:40:00,20240626194000,22858
2024-06-26T19:50:00,20240626195000,21649
2024-06-26T20:00:00,20240626200000,20441
2024-06-26T20:10:00,20240626201000,19233
2024-06-26T20:20:00,20240626202000,18024
2024-06-26T20:30:00,20240626203000,16816
2024-06-26T20:40:00,20240626204000,15608
2024-06-26T20:50:00,20240626205000,14399
2024-06-26T21:00:00,20240626210000,13191
2024-06-26T21:10:00,20240626211000,11983
2024-06-26T21:20:00,20240626212000,10774
2024-06-26T21:30:00,20240626213000,9566
2024-06-26T21:40:00,20240626214000,8358
2024-06-26T21:50:00,20240626215000,7149
2024-06-26T22:00:00,20240626220000,5941
2024-06-26T22:10:00,20240626221000,4733
2024-06-26T22:20:00,20240626222000,3524
2024-06-26T22:30:00,20240626223000,2316
2024-06-26T22:40:00,20240626224000,1108
2024-06-26T22:50:00,20240626225000,105
2024-06-26T23:00:00,20240626230000,0
2024-06-26T23:10:00,20240626231000,0
2024-06-26T23:20:00,20240626232000,0
2024-06-26T23:30:00,20240626233000,0
2024-06-26T23:40:00,20240626234000,0
2024-06-26T23:50:00,20240626235000,0
2024-06-27T00:00:00,20240627000000,0
2024-06-27T00:10:00,20240627001000,0
2024-06-27T00:20:00,20240627002000,0
2024-06-27T00:30:00,20240627003000,0
2024-06-27T00:40:00,20240627004000,0
2024-06-27T00:50:00,20240627005000,0
2024-06-27T01:00:00,20240627010000,0
2024-06-27T01:10:00,20240627011000,17590
2024-06-27T01:20:00,20240627012000,18934
2024-06-27T01:30:00,20240627013000,20279
2024-06-27T01:40:00,20240627014000,21623
2024-06-27T01:50:00,20240627015000,22968
2024-06-27T02:00:00,20240627020000,24312
2024-06-27T02:10:00,20240627021000,113591
2024-06-27T02:20:00,20240627022000,119544
2024-06-27T02:30:00,20240627023000,125496
2024-06-27T02:40:00,20240627024000,131448
2024-06-27T02:50:00,20240627025000,137401
2024-06-27T03:00:00,20240627030000,143353
2024-06-27T03:10:00,20240627031000,355243
2024-06-27T03:20:00,20240627032000,369405
2024-06-27T03:30:00,20240627033000,383568
2024-06-27T03:40:00,20240627034000,397730
2024-06-27T03:50:00,20240627035000,411893
2024-06-27T04:00:00,20240627040000,426055
2024-06-27T04:10:00,20240627041000,440218
2024-06-27T04:20:00,20240627042000,454380
2024-06-27T04:30:00,20240627043000,468543
2024-06-27T04:40:00,20240627044000,482705
2024-06-27T04:50:00,20240627045000,496868
2024-06-27T05:00:00,20240627050000,511030
2024-06-27T05:10:00,20240627051000,525193
2024-06-27T05:20:00,20240627052000,539355
2024-06-27T05:30:00,20240627053000,553518
2024-06-27T05:40:00,20240627054000,567680
2024-06-27T05:50:00,20240627055000,581843
2024-06-27T06:00:00,20240627060000,596005
2024-06-27T06:10:00,20240627061000,610168
2024-06-27T06:20:00,20240627062000,624330
2024-06-27T06:30:00,20240627063000,638493
2024-06-27T06:40:00,20240627064000,652655
2024-06-27T06:50:00,20240627065000,666818
2024-06-27T07:00:00,20240627070000,688743
2024-06-27T07:10:00,20240627071000,744570
2024-06-27T07:20:00,20240627072000,804357
2024-06-27T07:30:00,20240627073000,864145
2024-06-27T07:40:00,20240627074000,923932
2024-06-27T07:50:00,20240627075000,983720
2024-06-27T08:00:00,20240627080000,1043507
2024-06-27T08:10:00,20240627081000,1034250
2024-06-27T08:20:00,20240627082000,1084290
2024-06-27T08:30:00,20240627083000,1134330
2024-06-27T08:40:00,20240627084000,1184370
2024-06-27T08:50:00,20240627085000,1234410
2024-06-27T09:00:00,20240627090000,1284450
2024-06-27T09:10:00,20240627091000,1207458
2024-06-27T09:20:00,20240627092000,1247789
2024-06-27T09:30:00,20240627093000,1288119
2024-06-27T09:40:00,20240627094000,1328450
2024-06-27T09:50:00,20240627095000,1368780
2024-06-27T10:00:00,20240627100000,1409111
2024-06-27T10:10:00,20240627101000,1217859
2024-06-27T10:20:00,20240627102000,1246054
2024-06-27T10:30:00,20240627103000,1274250
2024-06-27T10:40:00,20240627104000,1302445
2024-06-27T10:50:00,20240627105000,1330640
2024-06-27T11:00:00,20240627110000,1358835
2024-06-27T11:10:00,20240627111000,1154136
2024-06-27T11:20:00,20240627112000,1173047
2024-06-27T11:30:00,20240627113000,1191957
2024-06-27T11:40:00,20240627114000,1210868
2024-06-27T11:50:00,20240627115000,1229778
2024-06-27T12:00:00,20240627120000,1248688
2024-06-27T12:10:00,20240627121000,1267599
2024-06-27T12:20:00,20240627122000,1286509
2024-06-27T12:30:00,20240627123000,1305420
2024-06-27T12:40:00,20240627124000,1324330
2024-06-27T12:50:00,20240627125000,1343240
2024-06-27T13:00:00,20240627130000,1362151
2024-06-27T13:10:00,20240627131000,1381061
2024-06-27T13:20:00,20240627132000,1399972
2024-06-27T13:30:00,20240627133000,1418882
2024-06-27T13:40:00,20240627134000,1437793
2024-06-27T13:50:00,20240627135000,1456703
2024-06-27T14:00:00,20240627140000,1475613
2024-06-27T14:10:00,20240627141000,1494524
2024-06-27T14:20:00,20240627142000,1513434
2024-06-27T14:30:00,20240627143000,1532345
2024-06-27T14:40:00,20240627144000,1551255
2024-06-27T14:50:00,20240627145000,1570165
2024-06-27T15:00:00,20240627150000,1572641
2024-06-27T15:10:00,20240627151000,1513853
2024-06-27T15:20:00,20240627152000,1445871
2024-06-27T15:30:00,20240627153000,1377889
2024-06-27T15:40:00,20240627154000,1309908
2024-06-27T15:50:00,20240627155000,1241926
2024-06-27T16:00:00,20240627160000,1173944
2024-06-27T16:10:00,20240627161000,1105962
2024-06-27T16:20:00,20240627162000,1037980
2024-06-27T16:30:00,20240627163000,969998
2024-06-27T16:40:00,20240627164000,902017
2024-06-27T16:50:00,20240627165000,834035
2024-06-27T17:00:00,20240627170000,766053
2024-06-27T17:10:00,20240627171000,698071
2024-06-27T17:20:00,20240627172000,630089
2024-06-27T17:30:00,20240627173000,562108
2024-06-27T17:40:00,20240627174000,494126
2024-06-27T17:50:00,20240627175000,426144
2024-06-27T18:00:00,20240627180000,358162
2024-06-27T18:10:00,20240627181000,290180
2024-06-27T18:20:00,20240627182000,222198
2024-06-27T18:30:00,20240627183000,154217
2024-06-27T18:40:00,20240627184000,97024
2024-06-27T18:50:00,20240627185000,86930
2024-06-27T19:00:00,20240627190000,82335
2024-06-27T19:10:00,20240627191000,81009
2024-06-27T19:20:00,20240627192000,77475
2024-06-27T19:30:00,20240627193000,73941
2024-06-27T19:40:00,20240627194000,70406
2024-06-27T19:50:00,20240627195000,66872
2024-06-27T20:00:00,20240627200000,63338
2024-06-27T20:10:00,20240627201000,64083
2024-06-27T20:20:00,20240627202000,61020
2024-06-27T20:30:00,20240627203000,57957
2024-06-27T20:40:00,20240627204000,54894
2024-06-27T20:50:00,20240627205000,51831
2024-06-27T21:00:00,20240627210000,48768
2024-06-27T21:10:00,20240627211000,45705
2024-06-27T21:20:00,20240627212000,42642
2024-06-27T21:30:00,20240627213000,39579
2024-06-27T21:40:00,20240627214000,36516
2024-06-27T21:50:00,20240627215000,33453
2024-06-27T22:00:00,20240627220000,30390
2024-06-27T22:10:00,20240627221000,27327
2024-06-27T22:20:00,20240627222000,24264
2024-06-27T22:30:00,20240627223000,21201
2024-06-27T22:40:00,20240627224000,18138
2024-06-27T22:50:00,20240627225000,15075
2024-06-27T23:00:00,20240627230000,12012
2024-06-27T23:10:00,20240627231000,8949
2024-06-27T23:20:00,20240627232000,5886
2024-06-27T23:30:00,20240627233000,2823
2024-06-27T23:40:00,20240627234000,272
2024-06-27T23:50:00,20240627235000,0
2024-06-28T00:00:00,20240628000000,0
2024-06-28T00:10:00,20240628001000,0
2024-06-28T00:20:00,20240628002000,0
2024-06-28T00:30:00,20240628003000,0
2024-06-28T00:40:00,20240628004000,0
2024-06-28T00:50:00,20240628005000,0
2024-06-28T01:00:00,20240628010000,0
2024-06-28T01:10:00,20240628011000,15853
2024-06-28T01:20:00,20240628012000,17814
2024-06-28T01:30:00,20240628013000,19775
2024-06-28T01:40:00,20240628014000,21736
2024-06-28T01:50:00,20240628015000,23698
2024-06-28T02:00:00,20240628020000,25659
2024-06-28T02:10:00,20240628021000,104364
2024-06-28T02:20:00,20240628022000,111775
2024-06-28T02:30:00,20240628023000,119185
2024-06-28T02:40:00,20240628024000,126596
2024-06-28T02:50:00,20240628025000,134006
2024-06-28T03:00:00,20240628030000,141417
2024-06-28T03:10:00,20240628031000,273823
2024-06-28T03:20:00,20240628032000,287458
2024-06-28T03:30:00,20240628033000,301092
2024-06-28T03:40:00,20240628034000,314726
2024-06-28T03:50:00,20240628035000,328361
2024-06-28T04:00:00,20240628040000,341995
2024-06-28T04:10:00,20240628041000,596167
2024-06-28T04:20:00,20240628042000,619023
2024-06-28T04:30:00,20240628043000,641880
2024-06-28T04:40:00,20240628044000,664736
2024-06-28T04:50:00,20240628045000,687592
2024-06-28T05:00:00,20240628050000,710448
2024-06-28T05:10:00,20240628051000,733305
2024-06-28T05:20:00,20240628052000,756161
2024-06-28T05:30:00,20240628053000,779017
2024-06-28T05:40:00,20240628054000,801873
2024-06-28T05:50:00,20240628055000,824730
2024-06-28T06:00:00,20240628060000,847586
2024-06-28T06:10:00,20240628061000,870442
2024-06-28T06:20:00,20240628062000,893298
2024-06-28T06:30:00,20240628063000,916155
2024-06-28T06:40:00,20240628064000,939011
2024-06-28T06:50:00,20240628065000,961867
2024-06-28T07:00:00,20240628070000,984723
2024-06-28T07:10:00,20240628071000,1007580
2024-06-28T07:20:00,20240628072000,1030436
2024-06-28T07:30:00,20240628073000,1053292
2024-06-28T07:40:00,20240628074000,1076148
2024-06-28T07:50:00,20240628075000,1104230
2024-06-28T08:00:00,20240628080000,1155133
2024-06-28T08:10:00,20240628081000,1183661
2024-06-28T08:20:00,20240628082000,1225210
2024-06-28T08:30:00,20240628083000,1266759
2024-06-28T08:40:00,20240628084000,1308309
2024-06-28T08:50:00,20240628085000,1349858
2024-06-28T09:00:00,20240628090000,1391407
2024-06-28T09:10:00,20240628091000,1340604
2024-06-28T09:20:00,20240628092000,1370728
2024-06-28T09:30:00,20240628093000,1400852
2024-06-28T09:40:00,20240628094000,1430976
2024-06-28T09:50:00,20240628095000,1461101
2024-06-28T10:00:00,20240628100000,1491225
2024-06-28T10:10:00,20240628101000,1358505
2024-06-28T10:20:00,20240628102000,1377067
2024-06-28T10:30:00,20240628103000,1395628
2024-06-28T10:40:00,20240628104000,1414189
2024-06-28T10:50:00,20240628105000,1432751
2024-06-28T11:00:00,20240628110000,1451312
2024-06-28T11:10:00,20240628111000,1295217
2024-06-28T11:20:00,20240628112000,1305082
2024-06-28T11:30:00,20240628113000,1314946
2024-06-28T11:40:00,20240628114000,1324811
2024-06-28T11:50:00,20240628115000,1334676
2024-06-28T12:00:00,20240628120000,1344540
2024-06-28T12:10:00,20240628121000,1117152
2024-06-28T12:20:00,20240628122000,1117920
2024-06-28T12:30:00,20240628123000,1118689
2024-06-28T12:40:00,20240628124000,1119458
2024-06-28T12:50:00,20240628125000,1120227
2024-06-28T13:00:00,20240628130000,1120995
2024-06-28T13:10:00,20240628131000,1121764
2024-06-28T13:20:00,20240628132000,1122533
2024-06-28T13:30:00,20240628133000,1123302
2024-06-28T13:40:00,20240628134000,1124070
2024-06-28T13:50:00,20240628135000,1124839
2024-06-28T14:00:00,20240628140000,1125608
2024-06-28T14:10:00,20240628141000,1126377
2024-06-28T14:20:00,20240628142000,1127145
2024-06-28T14:30:00,20240628143000,1127914
2024-06-28T14:40:00,20240628144000,1128683
2024-06-28T14:50:00,20240628145000,1129452
2024-06-28T15:00:00,20240628150000,1130220
2024-06-28T15:10:00,20240628151000,1130989
2024-06-28T15:20:00,20240628152000,1131758
2024-06-28T15:30:00,20240628153000,1132527
2024-06-28T15:40:00,20240628154000,1133295
2024-06-28T15:50:00,20240628155000,1123077
2024-06-28T16:00:00,20240628160000,1064877
2024-06-28T16:10:00,20240628161000,1001070
2024-06-28T16:20:00,20240628162000,937264
2024-06-28T16:30:00,20240628163000,873458
2024-06-28T16:40:00,20240628164000,809652
2024-06-28T16:50:00,20240628165000,745845
2024-06-28T17:00:00,20240628170000,682039
2024-06-28T17:10:00,20240628171000,618233
2024-06-28T17:20:00,20240628172000,554427
2024-06-28T17:30:00,20240628173000,490620
2024-06-28T17:40:00,20240628174000,426814
2024-06-28T17:50:00,20240628175000,363008
2024-06-28T18:00:00,20240628180000,299202
2024-06-28T18:10:00,20240628181000,235395
2024-06-28T18:20:00,20240628182000,181039
2024-06-28T18:30:00,20240628183000,168134
2024-06-28T18:40:00,20240628184000,160098
2024-06-28T18:50:00,20240628185000,152061
2024-06-28T19:00:00,20240628190000,144025
2024-06-28T19:10:00,20240628191000,144734
2024-06-28T19:20:00,20240628192000,138420
2024-06-28T19:30:00,20240628193000,132105
2024-06-28T19:40:00,20240628194000,125791
2024-06-28T19:50:00,20240628195000,119477
2024-06-28T20:00:00,20240628200000,113163
2024-06-28T20:10:00,20240628201000,119193
2024-06-28T20:20:00,20240628202000,113993
2024-06-28T20:30:00,20240628203000,108793
2024-06-28T20:40:00,20240628204000,103593
2024-06-28T20:50:00,20240628205000,98393
2024-06-28T21:00:00,20240628210000,93193
2024-06-28T21:10:00,20240628211000,101314
2024-06-28T21:20:00,20240628212000,96894
2024-06-28T21:30:00,20240628213000,92474
2024-06-28T21:40:00,20240628214000,88054
2024-06-28T21:50:00,20240628215000,83634
2024-06-28T22:00:00,20240628220000,79214
2024-06-28T22:10:00,20240628221000,88099
2024-06-28T22:20:00,20240628222000,84255
2024-06-28T22:30:00,20240628223000,80412
2024-06-28T22:40:00,20240628224000,76568
2024-06-28T22:50:00,20240628225000,72725
2024-06-28T23:00:00,20240628230000,68882
2024-06-28T23:10:00,20240628231000,69695
2024-06-28T23:20:00,20240628232000,66011
2024-06-28T23:30:00,20240628233000,62328
2024-06-28T23:40:00,20240628234000,58645
2024-06-28T23:50:00,20240628235000,54961
2024-06-29T00:00:00,20240629000000,51278
2024-06-29T00:10:00,20240629001000,47595
2024-06-29T00:20:00,20240629002000,43911
2024-06-29T00:30:00,20240629003000,40228
2024-06-29T00:40:00,20240629004000,36545
2024-06-29T00:50:00,20240629005000,32861
2024-06-29T01:00:00,20240629010000,29178
2024-06-29T01:10:00,20240629011000,25495
2024-06-29T01:20:00,20240629012000,21811
2024-06-29T01:30:00,20240629013000,18128
2024-06-29T01:40:00,20240629014000,14445
2024-06-29T01:50:00,20240629015000,10761
2024-06-29T02:00:00,20240629020000,7078
2024-06-29T02:10:00,20240629021000,3395
2024-06-29T02:20:00,20240629022000,968
2024-06-29T02:30:00,20240629023000,4132
2024-06-29T02:40:00,20240629024000,7964
2024-06-29T02:50:00,20240629025000,11796
2024-06-29T03:00:00,20240629030000,15627
2024-06-29T03:10:00,20240629031000,0
2024-06-29T03:20:00,20240629032000,0
2024-06-29T03:30:00,20240629033000,0
2024-06-29T03:40:00,20240629034000,0
2024-06-29T03:50:00,20240629035000,0
2024-06-29T04:00:00,20240629040000,0
2024-06-29T04:10:00,20240629041000,17074
2024-06-29T04:20:00,20240629042000,18615
2024-06-29T04:30:00,20240629043000,20156
2024-06-29T04:40:00,20240629044000,21697
2024-06-29T04:50:00,20240629045000,23238
2024-06-29T05:00:00,20240629050000,24780
2024-06-29T05:10:00,20240629051000,48460
2024-06-29T05:20:00,20240629052000,51297
2024-06-29T05:30:00,20240629053000,54135
2024-06-29T05:40:00,20240629054000,56972
2024-06-29T05:50:00,20240629055000,59810
2024-06-29T06:00:00,20240629060000,62647
2024-06-29T06:10:00,20240629061000,24182
2024-06-29T06:20:00,20240629062000,25230
2024-06-29T06:30:00,20240629063000,26278
2024-06-29T06:40:00,20240629064000,27326
2024-06-29T06:50:00,20240629065000,28373
2024-06-29T07:00:00,20240629070000,29421
2024-06-29T07:10:00,20240629071000,31502
2024-06-29T07:20:00,20240629072000,32585
2024-06-29T07:30:00,20240629073000,33668
2024-06-29T07:40:00,20240629074000,34752
2024-06-29T07:50:00,20240629075000,35835
2024-06-29T08:00:00,20240629080000,36918
2024-06-29T08:10:00,20240629081000,38002
2024-06-29T08:20:00,20240629082000,39085
2024-06-29T08:30:00,20240629083000,40168
2024-06-29T08:40:00,20240629084000,41252
2024-06-29T08:50:00,20240629085000,42335
2024-06-29T09:00:00,20240629090000,43418
2024-06-29T09:10:00,20240629091000,44502
2024-06-29T09:20:00,20240629092000,45585
2024-06-29T09:30:00,20240629093000,46668
2024-06-29T09:40:00,20240629094000,47752
2024-06-29T09:50:00,20240629095000,48835
2024-06-29T10:00:00,20240629100000,49918
2024-06-29T10:10:00,20240629101000,51002
2024-06-29T10:20:00,20240629102000,58860
2024-06-29T10:30:00,20240629103000,96853
2024-06-29T10:40:00,20240629104000,138448
2024-06-29T10:50:00,20240629105000,180043
2024-06-29T11:00:00,20240629110000,221639
2024-06-29T11:10:00,20240629111000,263234
2024-06-29T11:20:00,20240629112000,304829
2024-06-29T11:30:00,20240629113000,346424
2024-06-29T11:40:00,20240629114000,388019
2024-06-29T11:50:00,20240629115000,429614
2024-06-29T12:00:00,20240629120000,471209
2024-06-29T12:10:00,20240629121000,512804
2024-06-29T12:20:00,20240629122000,554399
2024-06-29T12:30:00,20240629123000,595994
2024-06-29T12:40:00,20240629124000,637589
2024-06-29T12:50:00,20240629125000,679184
2024-06-29T13:00:00,20240629130000,720779
2024-06-29T13:10:00,20240629131000,762374
2024-06-29T13:20:00,20240629132000,803969
2024-06-29T13:30:00,20240629133000,845565
2024-06-29T13:40:00,20240629134000,887160
2024-06-29T13:50:00,20240629135000,914080
2024-06-29T14:00:00,20240629140000,909150
2024-06-29T14:10:00,20240629141000,848855
2024-06-29T14:20:00,20240629142000,819076
2024-06-29T14:30:00,20240629143000,789297
2024-06-29T14:40:00,20240629144000,759519
2024-06-29T14:50:00,20240629145000,729740
2024-06-29T15:00:00,20240629150000,699961
2024-06-29T15:10:00,20240629151000,672652
2024-06-29T15:20:00,20240629152000,643171
2024-06-29T15:30:00,20240629153000,613691
2024-06-29T15:40:00,20240629154000,584210
2024-06-29T15:50:00,20240629155000,554729
2024-06-29T16:00:00,20240629160000,525248
2024-06-29T16:10:00,20240629161000,563872
2024-06-29T16:20:00,20240629162000,539159
2024-06-29T16:30:00,20240629163000,514446
2024-06-29T16:40:00,20240629164000,489733
2024-06-29T16:50:00,20240629165000,465020
2024-06-29T17:00:00,20240629170000,440306
2024-06-29T17:10:00,20240629171000,485378
2024-06-29T17:20:00,20240629172000,464105
2024-06-29T17:30:00,20240629173000,442832
2024-06-29T17:40:00,20240629174000,421559
2024-06-29T17:50:00,20240629175000,400286
2024-06-29T18:00:00,20240629180000,379013
2024-06-29T18:10:00,20240629181000,405226
2024-06-29T18:20:00,20240629182000,385759
2024-06-29T18:30:00,20240629183000,366293
2024-06-29T18:40:00,20240629184000,346826
2024-06-29T18:50:00,20240629185000,327360
2024-06-29T19:00:00,20240629190000,307894
2024-06-29T19:10:00,20240629191000,288427
2024-06-29T19:20:00,20240629192000,268961
2024-06-29T19:30:00,20240629193000,249494
2024-06-29T19:40:00,20240629194000,230028
2024-06-29T19:50:00,20240629195000,210562
2024-06-29T20:00:00,20240629200000,191095
2024-06-29T20:10:00,20240629201000,171629
2024-06-29T20:20:00,20240629202000,152162
2024-06-29T20:30:00,20240629203000,132696
2024-06-29T20:40:00,20240629204000,113230
2024-06-29T20:50:00,20240629205000,93763
2024-06-29T21:00:00,20240629210000,74297
2024-06-29T21:10:00,20240629211000,54830
2024-06-29T21:20:00,20240629212000,35364
2024-06-29T21:30:00,20240629213000,15898
2024-06-29T21:40:00,20240629214000,976
2024-06-29T21:50:00,20240629215000,0
2024-06-29T22:00:00,20240629220000,0
2024-06-29T22:10:00,20240629221000,0
2024-06-29T22:20:00,20240629222000,0
2024-06-29T22:30:00,20240629223000,0
2024-06-29T22:40:00,20240629224000,0
2024-06-29T22:50:00,20240629225000,0
2024-06-29T23:00:00,20240629230000,0
2024-06-29T23:10:00,20240629231000,0
2024-06-29T23:20:00,20240629232000,0
2024-06-29T23:30:00,20240629233000,0
2024-06-29T23:40:00,20240629234000,0
2024-06-29T23:50:00,20240629235000,0
2024-06-30T00:00:00,20240630000000,0
2024-06-30T00:10:00,20240630001000,0
2024-06-30T00:20:00,20240630002000,0
2024-06-30T00:30:00,20240630003000,0
2024-06-30T00:40:00,20240630004000,0
2024-06-30T00:50:00,20240630005000,0
2024-06-30T01:00:00,20240630010000,0
2024-06-30T01:10:00,20240630011000,6475
2024-06-30T01:20:00,20240630012000,7006
2024-06-30T01:30:00,20240630013000,7537
2024-06-30T01:40:00,20240630014000,8069
2024-06-30T01:50:00,20240630015000,8600
2024-06-30T02:00:00,20240630020000,9132
2024-06-30T02:10:00,20240630021000,100008
2024-06-30T02:20:00,20240630022000,105508
2024-06-30T02:30:00,20240630023000,111008
2024-06-30T02:40:00,20240630024000,116508
2024-06-30T02:50:00,20240630025000,122008
2024-06-30T03:00:00,20240630030000,127508
2024-06-30T03:10:00,20240630031000,366969
2024-06-30T03:20:00,20240630032000,382144
2024-06-30T03:30:00,20240630033000,397318
2024-06-30T03:40:00,20240630034000,412493
2024-06-30T03:50:00,20240630035000,427667
2024-06-30T04:00:00,20240630040000,442842
2024-06-30T04:10:00,20240630041000,506828
2024-06-30T04:20:00,20240630042000,523620
2024-06-30T04:30:00,20240630043000,540412
2024-06-30T04:40:00,20240630044000,557203
2024-06-30T04:50:00,20240630045000,573995
2024-06-30T05:00:00,20240630050000,590787
2024-06-30T05:10:00,20240630051000,607578
2024-06-30T05:20:00,20240630052000,624370
2024-06-30T05:30:00,20240630053000,641162
2024-06-30T05:40:00,20240630054000,657953
2024-06-30T05:50:00,20240630055000,674745
2024-06-30T06:00:00,20240630060000,691537
2024-06-30T06:10:00,20240630061000,708328
2024-06-30T06:20:00,20240630062000,725120
2024-06-30T06:30:00,20240630063000,741912
2024-06-30T06:40:00,20240630064000,758703
2024-06-30T06:50:00,20240630065000,775495
2024-06-30T07:00:00,20240630070000,792287
2024-06-30T07:10:00,20240630071000,818388
2024-06-30T07:20:00,20240630072000,873054
2024-06-30T07:30:00,20240630073000,929719
2024-06-30T07:40:00,20240630074000,986384
2024-06-30T07:50:00,20240630075000,1043050
2024-06-30T08:00:00,20240630080000,1099715
2024-06-30T08:10:00,20240630081000,885616
2024-06-30T08:20:00,20240630082000,898492
2024-06-30T08:30:00,20240630083000,911367
2024-06-30T08:40:00,20240630084000,924243
2024-06-30T08:50:00,20240630085000,937119
2024-06-30T09:00:00,20240630090000,949995
2024-06-30T09:10:00,20240630091000,985408
2024-06-30T09:20:00,20240630092000,1000134
2024-06-30T09:30:00,20240630093000,1014860
2024-06-30T09:40:00,20240630094000,1029585
2024-06-30T09:50:00,20240630095000,1044311
2024-06-30T10:00:00,20240630100000,1059037
2024-06-30T10:10:00,20240630101000,861880
2024-06-30T10:20:00,20240630102000,864954
2024-06-30T10:30:00,20240630103000,868027
2024-06-30T10:40:00,20240630104000,871100
2024-06-30T10:50:00,20240630105000,874173
2024-06-30T11:00:00,20240630110000,877246
2024-06-30T11:10:00,20240630111000,1322030
2024-06-30T11:20:00,20240630112000,1343368
2024-06-30T11:30:00,20240630113000,1364706
2024-06-30T11:40:00,20240630114000,1386044
2024-06-30T11:50:00,20240630115000,1407383
2024-06-30T12:00:00,20240630120000,1428721
2024-06-30T12:10:00,20240630121000,763214
2024-06-30T12:20:00,20240630122000,761796
2024-06-30T12:30:00,20240630123000,760379
2024-06-30T12:40:00,20240630124000,758961
2024-06-30T12:50:00,20240630125000,757544
2024-06-30T13:00:00,20240630130000,756126
2024-06-30T13:10:00,20240630131000,754709
2024-06-30T13:20:00,20240630132000,753291
2024-06-30T13:30:00,20240630133000,751874
2024-06-30T13:40:00,20240630134000,750456
2024-06-30T13:50:00,20240630135000,749039
2024-06-30T14:00:00,20240630140000,747621
2024-06-30T14:10:00,20240630141000,746204
2024-06-30T14:20:00,20240630142000,744786
2024-06-30T14:30:00,20240630143000,743369
2024-06-30T14:40:00,20240630144000,741951
2024-06-30T14:50:00,20240630145000,740533
2024-06-30T15:00:00,20240630150000,739116
2024-06-30T15:10:00,20240630151000,728862
2024-06-30T15:20:00,20240630152000,699318
2024-06-30T15:30:00,20240630153000,669098
2024-06-30T15:40:00,20240630154000,638878
2024-06-30T15:50:00,20240630155000,608658
2024-06-30T16:00:00,20240630160000,578439
2024-06-30T16:10:00,20240630161000,579274
2024-06-30T16:20:00,20240630162000,553996
2024-06-30T16:30:00,20240630163000,528719
2024-06-30T16:40:00,20240630164000,503441
2024-06-30T16:50:00,20240630165000,478164
2024-06-30T17:00:00,20240630170000,452887
2024-06-30T17:10:00,20240630171000,480534
2024-06-30T17:20:00,20240630172000,459565
2024-06-30T17:30:00,20240630173000,438596
2024-06-30T17:40:00,20240630174000,417628
2024-06-30T17:50:00,20240630175000,396659
2024-06-30T18:00:00,20240630180000,375690
2024-06-30T18:10:00,20240630181000,410553
2024-06-30T18:20:00,20240630182000,392638
2024-06-30T18:30:00,20240630183000,374723
2024-06-30T18:40:00,20240630184000,356808
2024-06-30T18:50:00,20240630185000,338893
2024-06-30T19:00:00,20240630190000,320978
2024-06-30T19:10:00,20240630191000,358364
2024-06-30T19:20:00,20240630192000,342727
2024-06-30T19:30:00,20240630193000,327089
2024-06-30T19:40:00,20240630194000,311451
2024-06-30T19:50:00,20240630195000,295813
2024-06-30T20:00:00,20240630200000,280176
2024-06-30T20:10:00,20240630201000,264538
2024-06-30T20:20:00,20240630202000,248900
2024-06-30T20:30:00,20240630203000,233263
2024-06-30T20:40:00,20240630204000,217625
2024-06-30T20:50:00,20240630205000,201987
2024-06-30T21:00:00,20240630210000,186349
2024-06-30T21:10:00,20240630211000,170712
2024-06-30T21:20:00,20240630212000,155074
2024-06-30T21:30:00,20240630213000,139436
2024-06-30T21:40:00,20240630214000,123799
2024-06-30T21:50:00,20240630215000,108161
2024-06-30T22:00:00,20240630220000,92523
2024-06-30T22:10:00,20240630221000,76885
2024-06-30T22:20:00,20240630222000,61248
2024-06-30T22:30:00,20240630223000,45610
2024-06-30T22:40:00,20240630224000,29972
2024-06-30T22:50:00,20240630225000,14335
2024-06-30T23:00:00,20240630230000,1357
2024-06-30T23:10:00,20240630231000,0
2024-06-30T23:20:00,20240630232000,0
2024-06-30T23:30:00,20240630233000,0
2024-06-30T23:40:00,20240630234000,0
2024-06-30T23:50:00,20240630235000,0
2024-07-01T00:00:00,20240701000000,0
2024-07-01T00:10:00,20240701001000,0
2024-07-01T00:20:00,20240701002000,0
2024-07-01T00:30:00,20240701003000,0
2024-07-01T00:40:00,20240701004000,0
2024-07-01T00:50:00,20240701005000,0
2024-07-01T01:00:00,20240701010000,0
2024-07-01T01:10:00,20240701011000,886
2024-07-01T01:20:00,20240701012000,974
2024-07-01T01:30:00,20240701013000,1062
2024-07-01T01:40:00,20240701014000,1150
2024-07-01T01:50:00,20240701015000,1238
2024-07-01T02:00:00,20240701020000,1326
2024-07-01T02:10:00,20240701021000,84087
2024-07-01T02:20:00,20240701022000,89315
2024-07-01T02:30:00,20240701023000,94543
2024-07-01T02:40:00,20240701024000,99772
2024-07-01T02:50:00,20240701025000,105000
2024-07-01T03:00:00,20240701030000,110228
2024-07-01T03:10:00,20240701031000,439753
2024-07-01T03:20:00,20240701032000,459666
2024-07-01T03:30:00,20240701033000,479579
2024-07-01T03:40:00,20240701034000,499493
2024-07-01T03:50:00,20240701035000,519406
2024-07-01T04:00:00,20240701040000,539319
2024-07-01T04:10:00,20240701041000,427920
2024-07-01T04:20:00,20240701042000,443157
2024-07-01T04:30:00,20240701043000,458395
2024-07-01T04:40:00,20240701044000,473632
2024-07-01T04:50:00,20240701045000,488870
2024-07-01T05:00:00,20240701050000,504107
2024-07-01T05:10:00,20240701051000,519345
2024-07-01T05:20:00,20240701052000,534582
2024-07-01T05:30:00,20240701053000,549820
2024-07-01T05:40:00,20240701054000,565057
2024-07-01T05:50:00,20240701055000,580295
2024-07-01T06:00:00,20240701060000,595532
2024-07-01T06:10:00,20240701061000,610770
2024-07-01T06:20:00,20240701062000,626007
2024-07-01T06:30:00,20240701063000,641245
2024-07-01T06:40:00,20240701064000,656482
2024-07-01T06:50:00,20240701065000,671720
2024-07-01T07:00:00,20240701070000,686957
2024-07-01T07:10:00,20240701071000,702195
2024-07-01T07:20:00,20240701072000,717432
2024-07-01T07:30:00,20240701073000,735432
2024-07-01T07:40:00,20240701074000,765494
2024-07-01T07:50:00,20240701075000,796965
2024-07-01T08:00:00,20240701080000,828437
2024-07-01T08:10:00,20240701081000,766027
2024-07-01T08:20:00,20240701082000,774507
2024-07-01T08:30:00,20240701083000,782988
2024-07-01T08:40:00,20240701084000,791468
2024-07-01T08:50:00,20240701085000,799948
2024-07-01T09:00:00,20240701090000,808428
2024-07-01T09:10:00,20240701091000,1162709
2024-07-01T09:20:00,20240701092000,1205484
2024-07-01T09:30:00,20240701093000,1248258
2024-07-01T09:40:00,20240701094000,1291033
2024-07-01T09:50:00,20240701095000,1333807
2024-07-01T10:00:00,20240701100000,1376582
2024-07-01T10:10:00,20240701101000,1231330
2024-07-01T10:20:00,20240701102000,1262414
2024-07-01T10:30:00,20240701103000,1293498
2024-07-01T10:40:00,20240701104000,1324582
2024-07-01T10:50:00,20240701105000,1355665
2024-07-01T11:00:00,20240701110000,1386749
2024-07-01T11:10:00,20240701111000,1212466
2024-07-01T11:20:00,20240701112000,1234251
2024-07-01T11:30:00,20240701113000,1256035
2024-07-01T11:40:00,20240701114000,1277819
2024-07-01T11:50:00,20240701115000,1299603
2024-07-01T12:00:00,20240701120000,1321387
2024-07-01T12:10:00,20240701121000,1223747
2024-07-01T12:20:00,20240701122000,1241279
2024-07-01T12:30:00,20240701123000,1258810
2024-07-01T12:40:00,20240701124000,1276342
2024-07-01T12:50:00,20240701125000,1293874
2024-07-01T13:00:00,20240701130000,1311405
2024-07-01T13:10:00,20240701131000,1328937
2024-07-01T13:20:00,20240701132000,1346469
2024-07-01T13:30:00,20240701133000,1364000
2024-07-01T13:40:00,20240701134000,1381532
2024-07-01T13:50:00,20240701135000,1399063
2024-07-01T14:00:00,20240701140000,1416595
2024-07-01T14:10:00,20240701141000,1434127
2024-07-01T14:20:00,20240701142000,1451658
2024-07-01T14:30:00,20240701143000,1469190
2024-07-01T14:40:00,20240701144000,1486722
2024-07-01T14:50:00,20240701145000,1504253
2024-07-01T15:00:00,20240701150000,1521785
2024-07-01T15:10:00,20240701151000,1539317
2024-07-01T15:20:00,20240701152000,1555108
2024-07-01T15:30:00,20240701153000,1503609
2024-07-01T15:40:00,20240701154000,1417574
2024-07-01T15:50:00,20240701155000,1331539
2024-07-01T16:00:00,20240701160000,1245503
2024-07-01T16:10:00,20240701161000,1159468
2024-07-01T16:20:00,20240701162000,1073433
2024-07-01T16:30:00,20240701163000,987397
2024-07-01T16:40:00,20240701164000,901362
2024-07-01T16:50:00,20240701165000,815327
2024-07-01T17:00:00,20240701170000,729292
2024-07-01T17:10:00,20240701171000,643256
2024-07-01T17:20:00,20240701172000,557221
2024-07-01T17:30:00,20240701173000,471186
2024-07-01T17:40:00,20240701174000,385150
2024-07-01T17:50:00,20240701175000,299115
2024-07-01T18:00:00,20240701180000,213080
2024-07-01T18:10:00,20240701181000,128052
2024-07-01T18:20:00,20240701182000,82347
2024-07-01T18:30:00,20240701183000,71411
2024-07-01T18:40:00,20240701184000,68061
2024-07-01T18:50:00,20240701185000,64711
2024-07-01T19:00:00,20240701190000,61361
2024-07-01T19:10:00,20240701191000,61373
2024-07-01T19:20:00,20240701192000,58741
2024-07-01T19:30:00,20240701193000,56109
2024-07-01T19:40:00,20240701194000,53476
2024-07-01T19:50:00,20240701195000,50844
2024-07-01T20:00:00,20240701200000,48212
2024-07-01T20:10:00,20240701201000,50542
2024-07-01T20:20:00,20240701202000,48375
2024-07-01T20:30:00,20240701203000,46207
2024-07-01T20:40:00,20240701204000,44039
2024-07-01T20:50:00,20240701205000,41872
2024-07-01T21:00:00,20240701210000,39704
2024-07-01T21:10:00,20240701211000,39546
2024-07-01T21:20:00,20240701212000,37498
2024-07-01T21:30:00,20240701213000,35451
2024-07-01T21:40:00,20240701214000,33404
2024-07-01T21:50:00,20240701215000,31357
2024-07-01T22:00:00,20240701220000,29309
2024-07-01T22:10:00,20240701221000,27262
2024-07-01T22:20:00,20240701222000,25215
2024-07-01T22:30:00,20240701223000,23168
2024-07-01T22:40:00,20240701224000,21121
2024-07-01T22:50:00,20240701225000,19073
2024-07-01T23:00:00,20240701230000,17026
2024-07-01T23:10:00,20240701231000,14979
2024-07-01T23:20:00,20240701232000,12932
2024-07-01T23:30:00,20240701233000,10884
2024-07-01T23:40:00,20240701234000,8837
2024-07-01T23:50:00,20240701235000,6790
2024-07-02T00:00:00,20240702000000,4743
